-- MySQL dump 10.13  Distrib 8.0.23, for Win64 (x86_64)
--
-- Host: localhost    Database: vk
-- ------------------------------------------------------
-- Server version	8.0.23

/*!40101 SET @OLD_CHARACTER_SET_CLIENT=@@CHARACTER_SET_CLIENT */;
/*!40101 SET @OLD_CHARACTER_SET_RESULTS=@@CHARACTER_SET_RESULTS */;
/*!40101 SET @OLD_COLLATION_CONNECTION=@@COLLATION_CONNECTION */;
/*!50503 SET NAMES utf8 */;
/*!40103 SET @OLD_TIME_ZONE=@@TIME_ZONE */;
/*!40103 SET TIME_ZONE='+00:00' */;
/*!40014 SET @OLD_UNIQUE_CHECKS=@@UNIQUE_CHECKS, UNIQUE_CHECKS=0 */;
/*!40014 SET @OLD_FOREIGN_KEY_CHECKS=@@FOREIGN_KEY_CHECKS, FOREIGN_KEY_CHECKS=0 */;
/*!40101 SET @OLD_SQL_MODE=@@SQL_MODE, SQL_MODE='NO_AUTO_VALUE_ON_ZERO' */;
/*!40111 SET @OLD_SQL_NOTES=@@SQL_NOTES, SQL_NOTES=0 */;

--
-- Table structure for table `accounts`
--

DROP TABLE IF EXISTS `accounts`;
/*!40101 SET @saved_cs_client     = @@character_set_client */;
/*!50503 SET character_set_client = utf8mb4 */;
CREATE TABLE `accounts` (
  `id` int unsigned NOT NULL AUTO_INCREMENT,
  `name` varchar(45) NOT NULL,
  `password` varchar(45) NOT NULL,
  PRIMARY KEY (`id`)
) ENGINE=InnoDB AUTO_INCREMENT=3 DEFAULT CHARSET=utf8mb4 COLLATE=utf8mb4_0900_ai_ci;
/*!40101 SET character_set_client = @saved_cs_client */;

--
-- Dumping data for table `accounts`
--

LOCK TABLES `accounts` WRITE;
/*!40000 ALTER TABLE `accounts` DISABLE KEYS */;
INSERT INTO `accounts` VALUES (1,'1','2'),(2,'3','4');
/*!40000 ALTER TABLE `accounts` ENABLE KEYS */;
UNLOCK TABLES;

--
-- Table structure for table `archive`
--

DROP TABLE IF EXISTS `archive`;
/*!40101 SET @saved_cs_client     = @@character_set_client */;
/*!50503 SET character_set_client = utf8mb4 */;
CREATE TABLE `archive` (
  `id` int unsigned NOT NULL AUTO_INCREMENT,
  `table_name` varchar(45) NOT NULL,
  `name` varchar(45) NOT NULL,
  `created_at` datetime NOT NULL DEFAULT CURRENT_TIMESTAMP,
  PRIMARY KEY (`id`)
) ENGINE=ARCHIVE AUTO_INCREMENT=24 DEFAULT CHARSET=utf8mb4 COLLATE=utf8mb4_0900_ai_ci;
/*!40101 SET character_set_client = @saved_cs_client */;

--
-- Dumping data for table `archive`
--

LOCK TABLES `archive` WRITE;
/*!40000 ALTER TABLE `archive` DISABLE KEYS */;
INSERT INTO `archive` VALUES (1,'user','asfsadfsdfa','2021-03-31 23:02:56'),(2,'user','asfsadfsdfa','2021-03-31 23:02:56'),(3,'product','fdfd','2021-03-31 23:03:31'),(4,'product','dfdf','2021-03-31 23:03:48'),(5,'catalog','fdafa','2021-03-31 23:03:57'),(6,'catalog','454fd','2021-03-31 23:03:57'),(7,'product','3434','2021-03-31 23:04:14'),(8,'user','1','2021-03-31 23:19:00'),(9,'user','1','2021-03-31 23:20:00'),(10,'user','1','2021-03-31 23:20:00'),(11,'user','1','2021-03-31 23:20:00'),(12,'user','1','2021-03-31 23:20:50'),(13,'user','2','2021-03-31 23:20:50'),(14,'user','1','2021-03-31 23:23:14'),(15,'user','2','2021-03-31 23:23:14'),(16,'user','3','2021-03-31 23:23:14'),(17,'user','4','2021-03-31 23:23:14'),(18,'user','5','2021-03-31 23:23:14'),(19,'user','1','2021-03-31 23:23:35'),(20,'user','2','2021-03-31 23:23:35'),(21,'user','3','2021-03-31 23:23:35'),(22,'user','4','2021-03-31 23:23:35'),(23,'user','5','2021-03-31 23:23:35');
/*!40000 ALTER TABLE `archive` ENABLE KEYS */;
UNLOCK TABLES;

--
-- Table structure for table `catalog`
--

DROP TABLE IF EXISTS `catalog`;
/*!40101 SET @saved_cs_client     = @@character_set_client */;
/*!50503 SET character_set_client = utf8mb4 */;
CREATE TABLE `catalog` (
  `id` int unsigned NOT NULL AUTO_INCREMENT,
  `type` varchar(45) NOT NULL,
  PRIMARY KEY (`id`)
) ENGINE=InnoDB AUTO_INCREMENT=6 DEFAULT CHARSET=utf8mb4 COLLATE=utf8mb4_0900_ai_ci;
/*!40101 SET character_set_client = @saved_cs_client */;

--
-- Dumping data for table `catalog`
--

LOCK TABLES `catalog` WRITE;
/*!40000 ALTER TABLE `catalog` DISABLE KEYS */;
INSERT INTO `catalog` VALUES (1,'animals'),(2,'vehicle'),(3,'electronics'),(4,'fdafa'),(5,'454fd');
/*!40000 ALTER TABLE `catalog` ENABLE KEYS */;
UNLOCK TABLES;

--
-- Table structure for table `cities`
--

DROP TABLE IF EXISTS `cities`;
/*!40101 SET @saved_cs_client     = @@character_set_client */;
/*!50503 SET character_set_client = utf8mb4 */;
CREATE TABLE `cities` (
  `id` int unsigned NOT NULL AUTO_INCREMENT,
  `label` varchar(45) NOT NULL,
  `name` varchar(45) NOT NULL,
  PRIMARY KEY (`id`),
  UNIQUE KEY `id_UNIQUE` (`id`)
) ENGINE=InnoDB AUTO_INCREMENT=6 DEFAULT CHARSET=utf8mb4 COLLATE=utf8mb4_0900_ai_ci;
/*!40101 SET character_set_client = @saved_cs_client */;

--
-- Dumping data for table `cities`
--

LOCK TABLES `cities` WRITE;
/*!40000 ALTER TABLE `cities` DISABLE KEYS */;
INSERT INTO `cities` VALUES (1,'moscow','Москва'),(2,'irkutsk','Иркутск'),(3,'novgorod','Новгород'),(4,'kazan','Казань'),(5,'omsk','Омск');
/*!40000 ALTER TABLE `cities` ENABLE KEYS */;
UNLOCK TABLES;

--
-- Table structure for table `community`
--

DROP TABLE IF EXISTS `community`;
/*!40101 SET @saved_cs_client     = @@character_set_client */;
/*!50503 SET character_set_client = utf8mb4 */;
CREATE TABLE `community` (
  `id` int unsigned NOT NULL AUTO_INCREMENT,
  `name` varchar(45) CHARACTER SET utf8mb4 COLLATE utf8mb4_unicode_ci NOT NULL,
  `text` text CHARACTER SET utf8mb4 COLLATE utf8mb4_unicode_ci,
  `admin_id` int unsigned NOT NULL,
  `created_at` datetime NOT NULL DEFAULT CURRENT_TIMESTAMP,
  PRIMARY KEY (`id`),
  UNIQUE KEY `id_UNIQUE` (`id`),
  KEY `fk_community_user1_idx` (`admin_id`),
  CONSTRAINT `fk_community_user1` FOREIGN KEY (`admin_id`) REFERENCES `user` (`id`)
) ENGINE=InnoDB AUTO_INCREMENT=21 DEFAULT CHARSET=utf8mb4 COLLATE=utf8mb4_unicode_ci;
/*!40101 SET character_set_client = @saved_cs_client */;

--
-- Dumping data for table `community`
--

LOCK TABLES `community` WRITE;
/*!40000 ALTER TABLE `community` DISABLE KEYS */;
INSERT INTO `community` VALUES (1,'quibusdam','Quo fuga dicta iusto. Enim totam aut odit porro voluptas provident. Eligendi necessitatibus fugit non aliquam neque atque saepe. Velit ipsam quo non quia sint eligendi.',1,'2013-09-14 09:52:03'),(2,'et','Non assumenda necessitatibus sapiente quos ut nostrum. Dignissimos architecto delectus optio dolore. Rerum et illum eligendi soluta voluptas dolores dolore et.',14,'2018-01-28 03:06:02'),(3,'vero','Laudantium nihil sint vel neque consequatur. Exercitationem minus doloribus atque sed. Rerum placeat eos odio. Ducimus deserunt pariatur est voluptatem eaque aliquam.',194,'2011-09-19 08:15:35'),(4,'et','Animi ut ab in esse voluptate. Officia optio quia eligendi maiores ad quae cum. Voluptatibus non facere quasi suscipit a quis amet.',68,'2016-05-18 04:05:09'),(5,'vero','Dolore officiis ratione laboriosam exercitationem dolores ad quasi. Non magnam quos non temporibus vel sed similique sit. Corporis blanditiis aliquam perspiciatis ea dignissimos.',17,'2020-08-09 11:04:16'),(6,'officia','Dolor molestias maiores est. Voluptatem qui quam ullam enim. Amet debitis dicta provident aut officia est harum. Perspiciatis magnam ipsam quibusdam dolorem dicta iste dignissimos.',141,'2013-10-04 18:08:38'),(7,'pariatur','Provident dignissimos debitis harum eius quibusdam. Ea sit itaque nesciunt sed iusto. Autem dolorem repellat et et dolore eos nulla.',192,'2019-04-18 10:59:05'),(8,'aut','Ea rem itaque omnis ea fugit alias. Labore consequuntur sit autem doloribus. Nihil harum modi sed quasi. Quis perferendis sit repellat commodi.',166,'2012-11-13 12:35:40'),(9,'repellendus','Voluptatibus odit enim corporis. Velit maxime molestiae voluptate eaque consectetur. Enim ipsam voluptatum veniam et odit voluptatum eos.',31,'2011-11-17 10:26:17'),(10,'aut','Nam similique laudantium ipsa corporis voluptatem ut repellendus. Consequatur quia quod id. Voluptate et dolores itaque architecto voluptas.',126,'2018-06-30 14:58:57'),(11,'doloribus','Ab aut iure repellat officiis eveniet explicabo aut. Enim nobis qui ratione consequatur enim aut voluptatum et. Voluptas deserunt id sit ut eius.',41,'2019-08-20 11:24:59'),(12,'omnis','Quia pariatur suscipit harum voluptatem. Quaerat molestiae vel ea voluptatem in. Commodi est adipisci iusto asperiores sunt aliquid. Sit minus omnis et id.',75,'2012-08-10 13:40:57'),(13,'quasi','Sunt qui et ad laborum illo totam quisquam perferendis. Sint quod consequuntur explicabo nesciunt harum. Vel aut similique qui molestiae. Distinctio nam maxime nemo in qui ut.',154,'2015-04-12 06:38:09'),(14,'modi','Veniam doloremque quae recusandae. Aut sit velit consequatur consequatur natus. Amet velit qui tenetur dolor voluptatum dolores nemo. Quasi vel nihil recusandae illum quod blanditiis maxime.',60,'2020-04-02 07:10:02'),(15,'adipisci','Qui dolorem non tempora et. Cupiditate libero asperiores nulla dolorem nostrum. Porro ut reiciendis ut ipsa ab quisquam. Id tempore voluptas vel earum velit ullam error quis.',2,'2011-11-05 12:11:10'),(16,'quis','Qui totam ab in ab rerum illo. Et et voluptas quia commodi voluptates autem. Officia est temporibus delectus optio omnis.',100,'2012-12-25 22:02:32'),(17,'omnis','Cupiditate et voluptas tenetur dignissimos. Sed placeat rerum minus quaerat labore. Pariatur voluptas est quod ab quam.',34,'2011-12-28 23:10:45'),(18,'maiores','Blanditiis voluptatem eligendi voluptatibus maxime dolorum et. Deleniti dolor nam hic et voluptatem quod. Ut tempora sit deleniti velit odit sed. Odio aut pariatur nihil id quia enim in.',83,'2015-01-01 09:28:11'),(19,'possimus','Est dolore magnam laudantium qui harum consectetur. Esse corrupti ut ea ipsum. Nobis deleniti quod corporis iusto veniam perferendis. Rerum eligendi consequuntur dolorum et laboriosam dolore.',130,'2020-09-24 19:15:19'),(20,'ullam','Omnis modi quam sed saepe earum dolore inventore repellendus. Est qui qui reiciendis qui mollitia temporibus. Magni et ipsum earum itaque.',7,'2020-03-01 13:29:23');
/*!40000 ALTER TABLE `community` ENABLE KEYS */;
UNLOCK TABLES;

--
-- Table structure for table `flights`
--

DROP TABLE IF EXISTS `flights`;
/*!40101 SET @saved_cs_client     = @@character_set_client */;
/*!50503 SET character_set_client = utf8mb4 */;
CREATE TABLE `flights` (
  `id` int unsigned NOT NULL AUTO_INCREMENT,
  `from` varchar(45) NOT NULL,
  `to` varchar(45) NOT NULL,
  PRIMARY KEY (`id`),
  UNIQUE KEY `id_UNIQUE` (`id`)
) ENGINE=InnoDB AUTO_INCREMENT=6 DEFAULT CHARSET=utf8mb4 COLLATE=utf8mb4_0900_ai_ci;
/*!40101 SET character_set_client = @saved_cs_client */;

--
-- Dumping data for table `flights`
--

LOCK TABLES `flights` WRITE;
/*!40000 ALTER TABLE `flights` DISABLE KEYS */;
INSERT INTO `flights` VALUES (1,'moscow','omsk'),(2,'novgorod','kazan'),(3,'irkutsk','moscow'),(4,'omsk','irkutsk'),(5,'moscow','kazan');
/*!40000 ALTER TABLE `flights` ENABLE KEYS */;
UNLOCK TABLES;

--
-- Table structure for table `friend_request`
--

DROP TABLE IF EXISTS `friend_request`;
/*!40101 SET @saved_cs_client     = @@character_set_client */;
/*!50503 SET character_set_client = utf8mb4 */;
CREATE TABLE `friend_request` (
  `from_user_id` int unsigned NOT NULL,
  `to_user_id` int unsigned NOT NULL,
  `status` tinyint(1) NOT NULL DEFAULT '0' COMMENT '-1 - отклонен\\n0 - запрос\\n1 - дружба',
  `created_at` datetime NOT NULL DEFAULT CURRENT_TIMESTAMP,
  `updated_at` datetime DEFAULT NULL,
  PRIMARY KEY (`from_user_id`,`to_user_id`),
  KEY `fk_friend_request_user1_idx` (`from_user_id`),
  KEY `fk_friend_request_user2_idx` (`to_user_id`),
  CONSTRAINT `fk_friend_request_user1` FOREIGN KEY (`from_user_id`) REFERENCES `user` (`id`),
  CONSTRAINT `fk_friend_request_user2` FOREIGN KEY (`to_user_id`) REFERENCES `user` (`id`)
) ENGINE=InnoDB DEFAULT CHARSET=utf8mb4 COLLATE=utf8mb4_unicode_ci;
/*!40101 SET character_set_client = @saved_cs_client */;

--
-- Dumping data for table `friend_request`
--

LOCK TABLES `friend_request` WRITE;
/*!40000 ALTER TABLE `friend_request` DISABLE KEYS */;
INSERT INTO `friend_request` VALUES (4,58,-1,'1983-10-22 20:09:46','2018-05-24 09:36:17'),(5,166,0,'2017-01-18 15:44:02',NULL),(6,149,-1,'1981-11-01 04:12:18','2019-05-03 07:20:57'),(9,66,-1,'1990-10-29 01:09:13','2007-11-21 09:06:09'),(11,138,-1,'1977-08-14 15:13:27','1998-10-15 12:01:14'),(12,81,1,'1985-03-20 15:40:17','1996-05-02 11:38:41'),(15,8,1,'1976-09-11 11:36:46',NULL),(15,80,-1,'2014-12-30 18:58:53',NULL),(17,7,0,'1986-05-07 16:39:05',NULL),(17,52,-1,'2012-05-20 15:36:36',NULL),(17,117,0,'1973-11-22 01:47:16','1990-05-29 13:39:28'),(18,177,1,'1997-09-30 16:48:09','2010-04-15 03:53:07'),(20,65,1,'1985-04-21 10:15:08',NULL),(20,99,-1,'1974-06-06 14:48:14','1989-02-02 09:55:34'),(21,79,0,'1977-04-18 03:32:26','2006-09-08 03:59:33'),(21,102,1,'1998-06-30 19:01:52',NULL),(21,182,-1,'1997-09-27 01:59:49',NULL),(23,30,0,'2001-09-09 08:58:10',NULL),(23,68,0,'1983-09-02 01:32:04','1989-10-03 00:47:17'),(23,86,0,'2003-01-16 07:32:12','2003-06-12 15:52:03'),(23,126,-1,'2016-12-13 08:50:35',NULL),(23,172,-1,'1999-11-18 18:29:49',NULL),(23,195,0,'1975-12-17 11:50:10',NULL),(26,111,1,'1996-06-28 13:38:08',NULL),(28,139,-1,'2013-12-13 16:39:19',NULL),(29,77,0,'2008-01-29 23:21:00',NULL),(30,91,0,'2009-06-15 17:33:33','2015-10-28 14:00:11'),(30,161,1,'2012-09-01 14:07:17','2016-11-26 02:42:13'),(31,116,-1,'2009-04-02 01:11:19',NULL),(32,14,0,'2003-10-13 11:49:01','2020-03-13 04:58:28'),(32,78,1,'2001-07-12 11:38:20',NULL),(32,85,-1,'1998-07-31 06:40:10','2003-06-15 21:58:44'),(34,55,1,'2017-01-26 00:56:21',NULL),(36,13,1,'1977-09-10 15:02:44','1999-01-18 18:08:40'),(36,92,0,'1975-05-16 08:27:17','1981-03-06 06:01:20'),(36,159,-1,'1996-02-14 18:21:28','2014-06-14 19:25:26'),(37,63,1,'1995-05-23 14:57:47',NULL),(39,200,0,'1984-07-20 01:46:53','2020-01-30 21:13:25'),(40,60,1,'1986-01-20 01:32:41',NULL),(41,31,0,'1978-05-01 13:47:28','1986-06-16 08:17:57'),(41,81,1,'1996-04-14 17:52:53',NULL),(41,96,1,'2019-02-24 13:23:56',NULL),(43,106,0,'2010-07-25 11:02:49',NULL),(45,151,0,'1987-01-02 20:32:57','2005-06-11 19:25:59'),(46,86,0,'1974-11-17 07:29:22',NULL),(48,131,1,'2008-09-30 22:08:54',NULL),(48,187,1,'1995-05-25 18:09:39',NULL),(49,156,-1,'1985-06-05 14:11:02',NULL),(51,148,-1,'1979-04-03 23:08:18','2000-10-11 21:08:23'),(52,7,1,'1991-02-07 06:18:23',NULL),(53,95,0,'1990-03-21 19:56:45',NULL),(53,192,1,'2013-10-26 04:06:21',NULL),(54,106,-1,'2001-02-11 10:58:28',NULL),(56,3,0,'1993-04-13 12:10:43','2018-07-24 11:34:07'),(56,90,-1,'1975-09-17 10:41:29','2019-02-19 20:45:02'),(57,97,0,'1971-08-15 00:34:12','2018-02-11 16:27:46'),(57,114,1,'1989-02-21 06:04:48','2004-12-20 04:51:55'),(57,133,-1,'2017-02-25 04:22:58',NULL),(58,169,1,'2020-01-04 20:24:35',NULL),(60,38,1,'1999-11-22 19:09:23',NULL),(60,185,0,'2015-06-17 06:18:59',NULL),(61,145,1,'1976-10-31 13:04:52','1989-12-03 08:15:14'),(61,176,-1,'2016-04-28 03:05:39',NULL),(64,97,0,'2015-02-18 19:00:22',NULL),(64,157,0,'1993-05-03 07:28:31',NULL),(66,56,0,'2012-08-16 08:37:39',NULL),(66,131,0,'2006-05-16 14:22:19','2008-06-29 12:11:50'),(67,35,1,'2020-03-16 23:17:50',NULL),(68,76,-1,'2000-11-12 12:34:18',NULL),(68,115,-1,'1992-02-22 10:44:55','2003-10-11 23:53:33'),(69,136,1,'1985-09-04 18:16:13','1994-10-26 00:20:38'),(70,17,-1,'2013-05-09 02:39:07','2015-03-18 05:15:17'),(70,79,1,'2012-07-09 00:24:46',NULL),(70,89,-1,'1983-11-06 17:29:59','2020-05-11 13:20:53'),(72,98,1,'2002-10-07 09:15:07','2016-09-01 06:50:11'),(74,11,0,'2005-06-21 05:18:56',NULL),(75,114,-1,'2007-01-03 04:22:23',NULL),(75,139,0,'2018-06-14 10:48:11','2019-06-14 07:12:49'),(80,12,-1,'2017-02-08 05:08:30',NULL),(81,49,1,'1993-07-19 18:16:19','2014-04-15 00:08:47'),(81,123,-1,'2014-12-08 20:05:43',NULL),(85,145,0,'1999-02-22 08:52:33','1999-03-17 10:17:01'),(85,177,0,'1993-01-14 20:44:39',NULL),(87,100,-1,'1973-06-02 08:38:26','2003-02-04 21:43:29'),(91,111,0,'2019-03-01 11:42:11',NULL),(92,115,-1,'1972-05-17 09:00:46','1988-01-24 19:55:50'),(93,125,0,'1970-08-06 21:48:42','1977-04-03 16:05:35'),(94,1,-1,'2017-01-21 11:16:37',NULL),(94,10,0,'1983-11-11 07:01:36','2012-08-23 23:11:02'),(94,140,1,'1988-12-12 19:56:09',NULL),(95,130,1,'1994-02-16 02:26:00','2012-09-06 12:58:52'),(98,5,1,'1995-06-26 02:17:14','2019-04-17 22:21:06'),(98,38,-1,'1994-10-08 20:29:34','2004-06-02 09:51:06'),(98,164,-1,'1982-09-25 17:41:51','2014-01-05 11:45:39'),(99,88,1,'1993-03-14 12:40:48','1998-01-15 18:13:44'),(99,110,0,'2007-02-28 00:05:55',NULL),(100,87,1,'1981-01-03 14:07:20','1992-10-15 17:58:33'),(100,177,1,'2012-02-23 10:24:32',NULL),(101,34,-1,'1990-05-31 07:29:05','2008-04-29 18:22:47'),(102,46,-1,'2002-12-05 20:00:03','2017-06-15 20:40:10'),(104,93,-1,'2003-11-27 01:22:09','2014-07-18 21:37:18'),(105,6,-1,'2012-12-03 06:00:30',NULL),(105,48,-1,'2011-05-14 16:29:19',NULL),(105,194,-1,'1986-03-28 22:32:09','2009-10-14 14:40:33'),(108,158,0,'1993-10-28 10:59:31','2004-03-14 13:50:18'),(109,49,1,'1999-10-03 01:56:36','2015-03-01 23:18:20'),(113,21,1,'1978-01-04 04:18:14','1999-06-07 03:39:31'),(113,97,0,'2003-07-07 04:25:42',NULL),(113,161,0,'1988-03-10 02:29:40','2019-03-11 00:31:16'),(114,139,-1,'2015-01-29 05:08:05',NULL),(118,61,0,'1983-06-13 03:24:50','1990-02-07 16:33:56'),(118,133,-1,'1991-12-22 07:56:47',NULL),(119,121,-1,'1971-12-17 21:33:31',NULL),(119,193,-1,'2000-06-09 14:38:26','2019-09-01 13:11:01'),(120,56,-1,'1993-04-13 23:45:31',NULL),(122,9,1,'1977-08-19 15:30:00','1986-08-28 17:29:03'),(126,111,-1,'1986-12-01 02:45:00',NULL),(126,118,1,'1976-10-20 18:13:32','2010-05-15 20:02:24'),(127,122,0,'1994-03-16 03:47:01','2010-04-22 10:36:03'),(127,144,0,'2020-02-19 22:10:29',NULL),(129,3,1,'1981-10-14 08:39:09','1989-07-06 12:50:22'),(131,94,1,'2016-06-23 09:43:25',NULL),(132,45,-1,'1978-01-24 18:19:20','1987-05-17 05:18:10'),(134,150,-1,'2007-07-27 06:37:43',NULL),(134,157,0,'1990-02-09 18:22:03','1994-04-27 00:54:29'),(135,98,-1,'1989-04-03 11:46:43','2014-04-09 21:45:13'),(136,112,0,'1978-07-02 08:02:57','1989-08-19 10:40:19'),(137,61,0,'1992-01-31 15:18:35','2018-11-24 20:28:11'),(137,91,1,'1994-07-01 20:35:23',NULL),(137,185,0,'1976-08-06 12:51:46',NULL),(138,25,1,'2004-11-30 01:29:06','2010-07-28 15:13:15'),(138,197,-1,'1984-12-21 22:31:42','2004-10-18 02:09:59'),(139,79,0,'2020-09-19 19:03:23',NULL),(139,163,-1,'2008-12-30 03:58:32',NULL),(140,43,0,'2020-01-18 04:40:08',NULL),(140,44,0,'1983-01-14 21:58:36',NULL),(141,127,-1,'1992-07-15 07:25:03',NULL),(142,44,1,'2018-09-29 04:23:02',NULL),(142,197,0,'2014-08-29 03:46:03',NULL),(143,200,1,'1991-12-31 07:52:41','2001-04-03 09:30:05'),(145,132,-1,'1990-08-09 02:50:49','1992-02-19 07:16:36'),(145,155,1,'2015-04-21 12:06:57','2016-07-13 19:41:11'),(145,167,1,'1994-05-02 17:55:15',NULL),(150,35,0,'1977-12-15 16:48:27','1988-05-25 02:47:20'),(151,126,0,'1984-03-21 07:09:10','2019-08-10 16:45:33'),(153,104,-1,'2018-04-29 23:26:10',NULL),(154,69,0,'2003-06-14 00:22:53',NULL),(154,121,1,'1989-02-06 23:56:06','2012-02-15 00:49:05'),(154,162,-1,'2014-03-15 12:30:38',NULL),(154,165,1,'2014-05-05 21:42:28','2015-01-07 22:43:54'),(155,42,1,'2008-01-17 03:14:02',NULL),(155,78,0,'1973-01-17 02:22:09','1976-12-04 00:35:05'),(156,138,1,'1993-10-28 00:52:02',NULL),(156,157,0,'2009-03-26 00:21:06',NULL),(157,156,0,'2007-02-04 17:42:29','2009-08-09 08:05:07'),(158,104,0,'1970-07-31 12:40:17','2008-02-12 12:55:18'),(162,154,1,'2003-03-11 02:44:09',NULL),(163,112,1,'2010-04-10 01:45:34',NULL),(163,121,1,'1987-11-15 10:27:28','2005-06-17 23:41:39'),(164,42,1,'2020-04-11 10:12:03',NULL),(164,72,0,'2018-12-06 21:52:11',NULL),(164,80,0,'2013-11-06 15:53:29',NULL),(165,145,0,'1993-12-07 02:28:20','1999-04-04 04:39:22'),(166,28,0,'2010-01-20 17:50:40',NULL),(167,80,1,'1986-09-28 06:21:07','2012-08-10 17:07:47'),(167,92,-1,'1980-09-14 13:38:04',NULL),(167,133,1,'2008-10-31 07:04:03',NULL),(167,188,-1,'1989-07-10 12:58:38','1999-09-05 17:19:32'),(169,43,1,'1995-08-23 00:35:32','1998-01-10 07:44:02'),(170,51,1,'1970-03-16 22:21:08','2008-08-16 14:47:16'),(170,89,1,'1972-06-25 10:35:52','1974-01-12 17:41:55'),(172,103,0,'2011-03-19 23:03:04','2012-03-17 16:16:20'),(172,117,-1,'1977-02-08 17:41:48','2003-12-23 22:23:14'),(173,141,-1,'1976-08-17 07:16:59','2003-07-07 09:25:49'),(173,153,1,'1973-10-15 13:28:37','1980-03-26 06:21:49'),(174,12,0,'2005-02-16 08:18:20',NULL),(174,114,-1,'1980-08-04 15:33:21','1984-05-15 00:44:07'),(179,9,-1,'1970-07-16 16:26:02','1972-09-24 19:39:56'),(179,32,-1,'1974-07-04 20:08:37',NULL),(181,102,1,'1987-03-05 21:08:49','2007-04-09 19:58:23'),(182,88,1,'1989-10-15 00:14:27','2008-03-11 19:05:02'),(182,180,-1,'1998-12-17 08:59:20',NULL),(183,2,0,'2003-11-24 21:04:15',NULL),(185,4,1,'1971-10-25 14:23:44','2000-04-02 04:54:13'),(186,184,-1,'1976-09-18 13:01:36','1987-09-12 22:41:43'),(187,9,-1,'2016-01-26 09:43:10',NULL),(187,145,0,'1970-09-27 00:06:17','1998-06-27 19:33:42'),(189,6,1,'1972-04-05 10:27:44','1992-08-12 08:34:23'),(189,87,-1,'1994-05-25 16:24:44',NULL),(190,105,-1,'2020-07-10 06:59:33',NULL),(191,22,0,'1978-12-16 23:30:16',NULL),(191,69,0,'2020-09-21 07:00:20',NULL),(191,186,0,'1975-08-17 04:03:15','1997-08-17 13:04:06'),(192,183,0,'2003-02-22 02:14:35','2015-07-25 14:51:56'),(193,190,1,'1971-10-21 00:29:37','1987-10-03 11:09:25'),(194,102,1,'1971-08-02 23:52:35','1997-01-09 01:02:32'),(195,130,-1,'1994-11-25 16:05:47',NULL),(195,192,1,'2000-02-29 13:06:45',NULL),(198,158,-1,'1999-10-13 23:02:27',NULL),(199,93,-1,'2001-05-04 05:20:56',NULL);
/*!40000 ALTER TABLE `friend_request` ENABLE KEYS */;
UNLOCK TABLES;

--
-- Table structure for table `likes`
--

DROP TABLE IF EXISTS `likes`;
/*!40101 SET @saved_cs_client     = @@character_set_client */;
/*!50503 SET character_set_client = utf8mb4 */;
CREATE TABLE `likes` (
  `id` int NOT NULL AUTO_INCREMENT,
  `from_user_id` int unsigned NOT NULL,
  `to_user_id` int unsigned DEFAULT NULL,
  `to_post_id` int unsigned DEFAULT NULL,
  `to_media_id` int unsigned DEFAULT NULL,
  `created_at` datetime NOT NULL DEFAULT CURRENT_TIMESTAMP,
  PRIMARY KEY (`id`),
  UNIQUE KEY `id_UNIQUE` (`id`),
  KEY `fk_Likes_user1_idx` (`from_user_id`),
  KEY `fk_Likes_user2_idx` (`to_user_id`),
  KEY `fk_Likes_post1_idx` (`to_post_id`),
  KEY `fk_Likes_media1_idx` (`to_media_id`),
  CONSTRAINT `fk_Likes_media1` FOREIGN KEY (`to_media_id`) REFERENCES `media` (`id`),
  CONSTRAINT `fk_Likes_post1` FOREIGN KEY (`to_post_id`) REFERENCES `post` (`id`),
  CONSTRAINT `fk_Likes_user1` FOREIGN KEY (`from_user_id`) REFERENCES `user` (`id`),
  CONSTRAINT `fk_Likes_user2` FOREIGN KEY (`to_user_id`) REFERENCES `user` (`id`)
) ENGINE=InnoDB AUTO_INCREMENT=301 DEFAULT CHARSET=utf8mb4 COLLATE=utf8mb4_unicode_ci;
/*!40101 SET character_set_client = @saved_cs_client */;

--
-- Dumping data for table `likes`
--

LOCK TABLES `likes` WRITE;
/*!40000 ALTER TABLE `likes` DISABLE KEYS */;
INSERT INTO `likes` VALUES (1,180,NULL,NULL,24,'2012-07-22 13:02:24'),(2,114,NULL,NULL,44,'2013-09-05 10:02:27'),(3,63,NULL,NULL,54,'2020-11-22 07:52:08'),(4,136,NULL,NULL,39,'2012-08-25 16:24:10'),(5,86,NULL,NULL,6,'2017-07-18 00:58:50'),(6,44,NULL,NULL,92,'2019-09-19 22:04:25'),(7,7,NULL,NULL,18,'2018-02-05 16:52:00'),(8,162,NULL,NULL,45,'2011-11-30 07:51:25'),(9,22,NULL,NULL,19,'2018-01-08 11:25:57'),(10,90,NULL,NULL,7,'2013-01-13 19:13:13'),(11,80,NULL,NULL,98,'2017-06-10 17:29:24'),(12,134,NULL,NULL,37,'2015-01-18 08:58:34'),(13,48,NULL,NULL,55,'2013-11-18 10:56:36'),(14,36,NULL,NULL,37,'2011-05-25 18:05:18'),(15,49,NULL,NULL,97,'2018-12-11 10:11:55'),(16,85,NULL,NULL,5,'2020-09-09 00:51:35'),(17,41,NULL,NULL,71,'2014-11-10 05:18:57'),(18,96,NULL,NULL,93,'2014-04-26 11:09:18'),(19,48,NULL,NULL,16,'2018-06-05 16:54:03'),(20,62,NULL,NULL,67,'2013-04-28 14:08:04'),(21,43,NULL,NULL,53,'2020-05-24 14:02:32'),(22,118,NULL,NULL,25,'2011-06-03 22:27:12'),(23,140,NULL,NULL,40,'2015-04-30 19:51:22'),(24,138,NULL,NULL,81,'2013-05-24 19:28:44'),(25,117,NULL,NULL,14,'2015-08-02 16:12:48'),(26,174,NULL,NULL,99,'2016-10-17 08:02:14'),(27,23,NULL,NULL,54,'2015-12-28 08:18:44'),(28,71,NULL,NULL,35,'2017-08-02 21:34:23'),(29,17,NULL,NULL,53,'2013-08-10 00:51:05'),(30,142,NULL,NULL,33,'2018-05-31 22:17:33'),(31,99,NULL,NULL,14,'2018-04-08 05:25:48'),(32,75,NULL,NULL,70,'2017-07-07 17:46:54'),(33,168,NULL,NULL,85,'2018-05-21 15:36:51'),(34,125,NULL,NULL,8,'2019-09-03 03:10:54'),(35,1,NULL,NULL,93,'2020-10-13 22:15:01'),(36,150,NULL,NULL,22,'2020-02-10 05:18:23'),(37,90,NULL,NULL,34,'2017-08-01 10:47:25'),(38,94,NULL,NULL,15,'2014-11-06 00:09:55'),(39,146,NULL,NULL,16,'2019-12-17 13:15:35'),(40,191,NULL,NULL,32,'2013-11-28 08:42:16'),(41,59,NULL,NULL,83,'2014-07-07 00:08:27'),(42,59,NULL,NULL,41,'2015-09-24 18:46:56'),(43,72,NULL,NULL,65,'2012-12-07 20:03:56'),(44,151,NULL,NULL,45,'2015-11-21 01:36:23'),(45,35,NULL,NULL,47,'2015-03-22 05:09:48'),(46,154,NULL,NULL,67,'2020-10-01 09:32:17'),(47,119,NULL,NULL,14,'2020-01-04 14:56:44'),(48,74,NULL,NULL,44,'2012-11-01 01:19:12'),(49,197,NULL,NULL,99,'2011-09-01 17:13:55'),(50,103,NULL,NULL,99,'2017-07-04 00:16:13'),(51,183,NULL,NULL,26,'2011-11-15 14:40:04'),(52,42,NULL,NULL,37,'2011-06-22 19:37:56'),(53,120,NULL,NULL,68,'2013-07-31 19:11:12'),(54,102,NULL,NULL,33,'2020-11-22 20:55:47'),(55,167,NULL,NULL,46,'2019-06-29 10:25:15'),(56,128,NULL,NULL,13,'2019-02-08 06:59:40'),(57,56,NULL,NULL,94,'2016-02-21 21:07:14'),(58,105,NULL,NULL,64,'2017-06-04 14:21:43'),(59,116,NULL,NULL,28,'2018-07-09 08:03:36'),(60,16,NULL,NULL,75,'2014-09-20 16:36:31'),(61,148,NULL,NULL,85,'2014-06-15 09:57:02'),(62,84,NULL,NULL,33,'2016-06-22 05:07:08'),(63,197,NULL,NULL,79,'2014-08-19 18:16:05'),(64,153,NULL,NULL,97,'2014-04-05 16:27:25'),(65,155,NULL,NULL,28,'2013-05-03 00:15:31'),(66,192,NULL,NULL,69,'2020-04-11 21:43:07'),(67,107,NULL,NULL,17,'2019-05-05 16:01:14'),(68,10,NULL,NULL,13,'2016-03-08 21:00:39'),(69,168,NULL,NULL,56,'2015-02-14 18:11:41'),(70,91,NULL,NULL,67,'2012-09-08 07:50:16'),(71,3,NULL,NULL,9,'2012-02-21 12:48:05'),(72,158,NULL,NULL,30,'2011-06-02 07:13:37'),(73,4,NULL,NULL,32,'2018-08-14 23:59:14'),(74,187,NULL,NULL,60,'2017-03-30 10:26:10'),(75,118,NULL,NULL,2,'2016-05-09 21:36:36'),(76,69,NULL,NULL,33,'2016-03-17 02:56:35'),(77,172,NULL,NULL,76,'2018-04-06 04:24:55'),(78,131,NULL,NULL,84,'2011-11-04 11:13:30'),(79,109,NULL,NULL,42,'2020-05-17 23:33:41'),(80,162,NULL,NULL,32,'2021-01-12 12:16:03'),(81,137,NULL,NULL,77,'2020-05-30 18:33:15'),(82,1,NULL,NULL,22,'2012-03-08 22:05:35'),(83,186,NULL,NULL,6,'2017-03-13 21:07:47'),(84,69,NULL,NULL,77,'2011-09-20 14:12:54'),(85,122,NULL,NULL,80,'2019-02-17 14:12:52'),(86,88,NULL,NULL,63,'2018-09-11 19:55:02'),(87,176,NULL,NULL,23,'2016-09-15 22:04:00'),(88,183,NULL,NULL,90,'2012-05-13 19:48:01'),(89,108,NULL,NULL,85,'2014-06-19 14:45:32'),(90,98,NULL,NULL,13,'2020-06-24 22:14:04'),(91,173,NULL,NULL,84,'2011-08-12 15:32:54'),(92,90,NULL,NULL,72,'2013-01-21 16:06:33'),(93,119,NULL,NULL,11,'2011-07-05 15:52:46'),(94,112,NULL,NULL,14,'2017-11-28 04:53:46'),(95,104,NULL,NULL,37,'2013-05-02 18:00:30'),(96,91,NULL,NULL,21,'2014-12-08 01:25:24'),(97,26,NULL,NULL,46,'2018-08-27 22:50:35'),(98,84,NULL,NULL,6,'2012-01-14 18:51:30'),(99,102,NULL,NULL,76,'2013-12-20 01:40:51'),(100,164,NULL,NULL,12,'2017-01-19 12:13:37'),(101,89,63,NULL,NULL,'2012-10-17 20:52:49'),(102,14,5,NULL,NULL,'2015-10-06 11:27:45'),(103,142,112,NULL,NULL,'2013-12-12 19:08:19'),(104,176,162,NULL,NULL,'2013-06-14 04:19:41'),(105,105,45,NULL,NULL,'2019-01-31 23:11:58'),(106,190,79,NULL,NULL,'2013-02-07 16:26:29'),(107,182,41,NULL,NULL,'2011-07-28 23:25:45'),(108,65,146,NULL,NULL,'2019-07-04 12:49:35'),(109,68,1,NULL,NULL,'2016-06-26 23:40:40'),(110,27,174,NULL,NULL,'2018-03-25 17:19:08'),(111,122,103,NULL,NULL,'2017-06-09 05:02:27'),(112,20,76,NULL,NULL,'2018-04-26 21:20:56'),(113,161,49,NULL,NULL,'2012-10-08 01:40:54'),(114,59,167,NULL,NULL,'2014-04-15 00:56:24'),(115,79,4,NULL,NULL,'2017-04-27 02:01:49'),(116,63,168,NULL,NULL,'2019-02-17 10:33:34'),(117,200,77,NULL,NULL,'2015-08-27 16:56:45'),(118,173,142,NULL,NULL,'2016-08-20 09:55:21'),(119,62,149,NULL,NULL,'2019-03-31 05:41:59'),(120,103,166,NULL,NULL,'2017-09-04 06:09:14'),(121,193,92,NULL,NULL,'2011-11-16 23:41:01'),(122,45,175,NULL,NULL,'2017-09-16 21:54:29'),(123,133,110,NULL,NULL,'2015-12-16 04:39:24'),(124,121,180,NULL,NULL,'2012-11-13 03:07:25'),(125,111,147,NULL,NULL,'2013-11-30 11:50:12'),(126,174,32,NULL,NULL,'2016-06-26 10:02:05'),(127,50,61,NULL,NULL,'2011-07-30 11:21:44'),(128,108,10,NULL,NULL,'2012-09-07 17:17:55'),(129,42,166,NULL,NULL,'2018-04-12 16:31:14'),(130,177,121,NULL,NULL,'2017-02-26 22:49:16'),(131,169,39,NULL,NULL,'2011-03-06 05:51:29'),(132,89,169,NULL,NULL,'2021-01-02 13:35:36'),(133,115,61,NULL,NULL,'2014-11-04 01:15:41'),(134,110,177,NULL,NULL,'2013-07-20 03:03:29'),(135,10,13,NULL,NULL,'2013-09-06 04:26:20'),(136,142,3,NULL,NULL,'2016-07-19 21:24:16'),(137,104,129,NULL,NULL,'2017-07-02 12:19:51'),(138,177,37,NULL,NULL,'2012-03-05 14:29:15'),(139,97,98,NULL,NULL,'2017-02-09 04:30:21'),(140,37,7,NULL,NULL,'2017-05-30 05:11:29'),(141,45,10,NULL,NULL,'2016-06-25 12:07:50'),(142,39,94,NULL,NULL,'2014-08-17 13:53:20'),(143,3,146,NULL,NULL,'2016-10-02 05:45:43'),(144,103,45,NULL,NULL,'2014-02-03 11:46:20'),(145,111,80,NULL,NULL,'2011-10-17 05:14:51'),(146,165,80,NULL,NULL,'2011-07-24 00:57:32'),(147,118,53,NULL,NULL,'2013-09-02 23:03:58'),(148,48,33,NULL,NULL,'2015-04-24 16:40:55'),(149,114,158,NULL,NULL,'2020-07-17 11:20:35'),(150,9,123,NULL,NULL,'2015-12-05 13:52:03'),(151,170,151,NULL,NULL,'2012-11-26 11:48:38'),(152,125,74,NULL,NULL,'2015-04-29 19:09:52'),(153,137,102,NULL,NULL,'2021-01-12 07:48:30'),(154,110,34,NULL,NULL,'2016-01-22 10:54:59'),(155,199,146,NULL,NULL,'2017-02-04 03:38:31'),(156,40,43,NULL,NULL,'2018-07-03 08:36:55'),(157,156,79,NULL,NULL,'2014-05-24 19:20:41'),(158,137,158,NULL,NULL,'2013-01-18 17:25:05'),(159,24,40,NULL,NULL,'2015-11-21 13:57:55'),(160,2,135,NULL,NULL,'2014-01-20 09:39:47'),(161,119,167,NULL,NULL,'2015-08-08 18:04:29'),(162,14,37,NULL,NULL,'2015-11-20 06:31:48'),(163,19,62,NULL,NULL,'2017-05-22 17:23:20'),(164,70,133,NULL,NULL,'2015-11-22 15:10:19'),(165,19,79,NULL,NULL,'2018-11-26 09:34:51'),(166,55,73,NULL,NULL,'2015-07-26 10:53:40'),(167,29,123,NULL,NULL,'2017-08-30 02:47:29'),(168,62,166,NULL,NULL,'2021-01-26 05:06:22'),(169,82,171,NULL,NULL,'2013-09-04 04:05:52'),(170,199,80,NULL,NULL,'2012-12-09 16:08:10'),(171,117,39,NULL,NULL,'2018-10-02 22:39:36'),(172,123,72,NULL,NULL,'2019-09-12 03:11:20'),(173,117,59,NULL,NULL,'2017-05-15 19:19:47'),(174,29,140,NULL,NULL,'2019-07-06 00:15:06'),(175,99,31,NULL,NULL,'2017-11-05 02:54:36'),(176,74,17,NULL,NULL,'2013-05-19 09:17:42'),(177,197,88,NULL,NULL,'2016-06-03 20:54:41'),(178,54,16,NULL,NULL,'2013-05-18 00:57:13'),(179,149,123,NULL,NULL,'2011-06-30 01:12:14'),(180,148,168,NULL,NULL,'2018-08-09 15:31:30'),(181,1,2,NULL,NULL,'2011-11-11 11:31:46'),(182,156,30,NULL,NULL,'2012-05-06 01:56:27'),(183,182,17,NULL,NULL,'2018-10-05 07:03:28'),(184,195,63,NULL,NULL,'2017-03-02 13:01:38'),(185,187,141,NULL,NULL,'2013-11-20 03:50:47'),(186,143,103,NULL,NULL,'2018-09-05 19:10:36'),(187,32,65,NULL,NULL,'2017-12-03 07:31:30'),(188,175,148,NULL,NULL,'2015-05-10 21:42:15'),(189,124,4,NULL,NULL,'2013-02-23 08:48:15'),(190,88,22,NULL,NULL,'2013-08-05 13:25:16'),(191,34,162,NULL,NULL,'2014-08-06 07:25:23'),(192,39,31,NULL,NULL,'2017-04-10 14:44:05'),(193,49,93,NULL,NULL,'2012-12-13 22:50:58'),(194,46,114,NULL,NULL,'2020-08-04 22:59:37'),(195,15,181,NULL,NULL,'2020-06-08 22:33:53'),(196,165,16,NULL,NULL,'2015-04-29 16:23:15'),(197,195,120,NULL,NULL,'2012-03-28 20:10:17'),(198,45,177,NULL,NULL,'2012-02-08 19:58:28'),(199,136,40,NULL,NULL,'2017-08-06 09:02:42'),(200,39,123,NULL,NULL,'2013-01-03 14:26:21'),(201,165,NULL,15,NULL,'2020-02-28 01:16:12'),(202,35,NULL,63,NULL,'2014-03-06 15:30:40'),(203,180,NULL,52,NULL,'2013-05-06 03:25:19'),(204,97,NULL,55,NULL,'2011-07-03 14:23:20'),(205,77,NULL,80,NULL,'2012-08-10 10:41:56'),(206,158,NULL,91,NULL,'2019-04-04 02:20:16'),(207,120,NULL,26,NULL,'2012-12-15 09:51:29'),(208,16,NULL,56,NULL,'2013-09-09 16:36:49'),(209,88,NULL,30,NULL,'2019-03-28 03:10:43'),(210,88,NULL,78,NULL,'2012-09-22 16:34:41'),(211,140,NULL,95,NULL,'2017-06-04 13:54:11'),(212,18,NULL,31,NULL,'2014-02-03 09:26:01'),(213,5,NULL,23,NULL,'2019-08-12 01:05:07'),(214,48,NULL,60,NULL,'2012-12-04 15:30:28'),(215,137,NULL,61,NULL,'2018-12-11 03:00:39'),(216,142,NULL,51,NULL,'2012-11-24 21:30:32'),(217,151,NULL,88,NULL,'2015-09-28 19:24:47'),(218,27,NULL,66,NULL,'2013-09-12 12:22:37'),(219,80,NULL,62,NULL,'2019-09-04 11:16:14'),(220,40,NULL,78,NULL,'2016-05-08 21:28:03'),(221,82,NULL,99,NULL,'2017-09-13 17:52:45'),(222,137,NULL,1,NULL,'2014-08-10 20:35:48'),(223,49,NULL,76,NULL,'2018-06-20 00:41:50'),(224,113,NULL,68,NULL,'2020-07-06 17:28:25'),(225,10,NULL,100,NULL,'2015-03-22 12:20:25'),(226,90,NULL,75,NULL,'2018-12-18 15:34:48'),(227,189,NULL,54,NULL,'2016-04-20 00:46:14'),(228,11,NULL,97,NULL,'2018-01-27 22:06:57'),(229,154,NULL,30,NULL,'2017-09-02 23:59:17'),(230,112,NULL,46,NULL,'2013-08-13 18:11:18'),(231,180,NULL,27,NULL,'2013-08-06 04:07:33'),(232,192,NULL,66,NULL,'2013-10-04 07:30:54'),(233,29,NULL,9,NULL,'2012-12-11 21:04:16'),(234,61,NULL,54,NULL,'2016-09-27 17:46:25'),(235,140,NULL,51,NULL,'2011-06-17 09:01:47'),(236,64,NULL,11,NULL,'2016-11-13 04:37:58'),(237,98,NULL,100,NULL,'2019-03-29 19:24:20'),(238,23,NULL,74,NULL,'2017-10-22 05:39:27'),(239,151,NULL,68,NULL,'2019-07-30 19:29:26'),(240,83,NULL,81,NULL,'2016-01-12 00:24:08'),(241,134,NULL,87,NULL,'2017-05-23 19:58:07'),(242,111,NULL,62,NULL,'2015-12-09 16:00:41'),(243,81,NULL,61,NULL,'2012-02-21 19:30:04'),(244,117,NULL,17,NULL,'2015-08-30 23:53:13'),(245,180,NULL,15,NULL,'2013-02-13 12:08:48'),(246,125,NULL,80,NULL,'2018-11-04 00:33:03'),(247,81,NULL,58,NULL,'2017-08-01 19:40:56'),(248,90,NULL,55,NULL,'2015-01-14 09:42:13'),(249,134,NULL,75,NULL,'2015-10-16 03:56:37'),(250,18,NULL,37,NULL,'2016-01-21 18:19:14'),(251,51,NULL,41,NULL,'2018-01-29 11:21:23'),(252,95,NULL,74,NULL,'2011-04-28 21:40:51'),(253,82,NULL,59,NULL,'2014-02-11 01:02:58'),(254,95,NULL,17,NULL,'2013-03-19 22:52:28'),(255,53,NULL,89,NULL,'2013-07-14 10:39:19'),(256,193,NULL,94,NULL,'2012-07-11 14:57:32'),(257,150,NULL,52,NULL,'2017-01-14 10:12:37'),(258,110,NULL,15,NULL,'2016-10-15 02:29:06'),(259,25,NULL,13,NULL,'2016-04-21 05:59:31'),(260,64,NULL,3,NULL,'2015-09-19 07:53:22'),(261,54,NULL,94,NULL,'2014-09-09 00:39:22'),(262,164,NULL,68,NULL,'2016-03-23 11:15:48'),(263,104,NULL,27,NULL,'2011-11-04 21:39:03'),(264,45,NULL,19,NULL,'2014-04-06 10:26:08'),(265,4,NULL,32,NULL,'2020-07-29 00:15:50'),(266,110,NULL,27,NULL,'2016-08-29 06:39:05'),(267,144,NULL,3,NULL,'2013-12-21 14:57:43'),(268,2,NULL,13,NULL,'2019-01-05 09:18:37'),(269,122,NULL,48,NULL,'2017-09-06 12:12:05'),(270,57,NULL,88,NULL,'2016-05-18 21:02:42'),(271,74,NULL,25,NULL,'2015-10-15 21:53:27'),(272,161,NULL,12,NULL,'2020-12-16 22:22:51'),(273,154,NULL,35,NULL,'2020-04-22 19:41:27'),(274,53,NULL,89,NULL,'2014-03-29 07:52:20'),(275,96,NULL,58,NULL,'2017-08-22 08:30:41'),(276,183,NULL,75,NULL,'2012-02-14 04:53:41'),(277,104,NULL,74,NULL,'2019-05-02 23:53:40'),(278,84,NULL,4,NULL,'2012-12-06 16:50:14'),(279,200,NULL,64,NULL,'2011-05-20 16:21:27'),(280,44,NULL,2,NULL,'2018-07-18 00:12:37'),(281,190,NULL,77,NULL,'2020-07-05 12:21:54'),(282,57,NULL,67,NULL,'2019-02-12 22:34:46'),(283,158,NULL,29,NULL,'2021-01-11 23:09:46'),(284,159,NULL,40,NULL,'2015-03-14 05:19:45'),(285,154,NULL,8,NULL,'2019-06-14 21:03:02'),(286,54,NULL,14,NULL,'2015-01-29 05:48:50'),(287,66,NULL,8,NULL,'2019-12-12 18:14:18'),(288,49,NULL,10,NULL,'2012-05-19 08:18:54'),(289,85,NULL,51,NULL,'2020-02-22 08:24:37'),(290,197,NULL,90,NULL,'2012-01-31 13:22:22'),(291,18,NULL,90,NULL,'2011-08-14 03:14:34'),(292,129,NULL,61,NULL,'2017-04-19 21:36:57'),(293,125,NULL,6,NULL,'2020-07-10 22:44:32'),(294,128,NULL,63,NULL,'2012-06-23 13:01:11'),(295,140,NULL,86,NULL,'2018-01-16 17:15:44'),(296,127,NULL,65,NULL,'2012-05-13 18:47:49'),(297,124,NULL,92,NULL,'2014-10-05 06:45:38'),(298,63,NULL,41,NULL,'2019-02-22 13:16:33'),(299,41,NULL,11,NULL,'2013-06-28 23:17:34'),(300,160,NULL,97,NULL,'2019-12-28 17:46:01');
/*!40000 ALTER TABLE `likes` ENABLE KEYS */;
UNLOCK TABLES;

--
-- Table structure for table `media`
--

DROP TABLE IF EXISTS `media`;
/*!40101 SET @saved_cs_client     = @@character_set_client */;
/*!50503 SET character_set_client = utf8mb4 */;
CREATE TABLE `media` (
  `id` int unsigned NOT NULL AUTO_INCREMENT,
  `media_type_id` int unsigned NOT NULL,
  `from_user_id` int unsigned NOT NULL,
  `url` varchar(145) CHARACTER SET utf8mb4 COLLATE utf8mb4_unicode_ci DEFAULT NULL COMMENT '/files/img/2020-01-01/img.png',
  `file` blob,
  `created_at` datetime NOT NULL DEFAULT CURRENT_TIMESTAMP,
  PRIMARY KEY (`id`),
  UNIQUE KEY `id_UNIQUE` (`id`),
  KEY `fk_media_media_type1_idx` (`media_type_id`),
  KEY `fk_media_user1_idx` (`from_user_id`),
  CONSTRAINT `fk_media_media_type1` FOREIGN KEY (`media_type_id`) REFERENCES `media_type` (`id`),
  CONSTRAINT `fk_media_user1` FOREIGN KEY (`from_user_id`) REFERENCES `user` (`id`)
) ENGINE=InnoDB AUTO_INCREMENT=101 DEFAULT CHARSET=utf8mb4 COLLATE=utf8mb4_unicode_ci;
/*!40101 SET character_set_client = @saved_cs_client */;

--
-- Dumping data for table `media`
--

LOCK TABLES `media` WRITE;
/*!40000 ALTER TABLE `media` DISABLE KEYS */;
INSERT INTO `media` VALUES (1,1,48,'application/x-latex',NULL,'1995-06-29 19:45:34'),(2,1,154,'application/x-t3vm-image',NULL,'1978-01-24 03:20:51'),(3,2,103,'application/vnd.oasis.opendocument.image',NULL,'2010-11-24 10:15:14'),(4,1,8,'application/vnd.llamagraphics.life-balance.desktop',NULL,'1983-05-14 18:19:35'),(5,3,71,'image/x-rgb',NULL,'1970-07-06 11:47:11'),(6,1,110,'image/x-portable-bitmap',NULL,'1983-07-20 18:43:23'),(7,1,50,'application/vnd.lotus-organizer',NULL,'1975-02-04 11:16:02'),(8,2,140,'text/vcard',NULL,'2014-05-05 08:53:16'),(9,1,91,'application/x-bittorrent',NULL,'1974-12-21 20:24:41'),(10,2,196,'application/vnd.ezpix-package',NULL,'1990-11-17 12:14:00'),(11,3,68,'application/vnd.rim.cod',NULL,'1975-01-03 20:47:37'),(12,3,63,'text/csv',NULL,'1971-09-11 08:05:00'),(13,2,62,'application/mp4',NULL,'2001-02-05 08:04:55'),(14,1,141,'application/winhlp',NULL,'1978-09-10 05:26:26'),(15,2,115,'image/vnd.wap.wbmp',NULL,'1997-05-18 13:55:34'),(16,3,193,'application/vnd.kidspiration',NULL,'1987-01-18 11:55:12'),(17,3,185,'application/vnd.ms-powerpoint',NULL,'1999-08-01 22:31:04'),(18,3,34,'image/vnd.djvu',NULL,'1970-04-22 09:58:31'),(19,2,170,'audio/webm',NULL,'1975-09-20 09:20:52'),(20,1,63,'application/vnd.realvnc.bed',NULL,'1994-04-12 17:06:17'),(21,1,50,'application/x-rar-compressed',NULL,'1998-01-18 05:58:01'),(22,3,94,'application/mp4',NULL,'2020-02-10 02:12:40'),(23,2,40,'application/vnd.epson.msf',NULL,'1988-02-08 00:20:46'),(24,1,115,'image/bmp',NULL,'1991-11-03 16:56:12'),(25,2,106,'application/x-conference',NULL,'1996-03-21 18:22:36'),(26,2,95,'application/vnd.pvi.ptid1',NULL,'1997-12-06 21:54:42'),(27,3,73,'application/vnd.openxmlformats-officedocument.wordprocessingml.template',NULL,'1980-09-01 23:50:06'),(28,3,61,'audio/vnd.rip',NULL,'2018-09-09 20:20:29'),(29,3,184,'video/vnd.mpegurl',NULL,'2015-05-13 22:18:15'),(30,1,60,'application/xcap-diff+xml',NULL,'1972-07-07 07:00:07'),(31,2,142,'image/vnd.fst',NULL,'1988-11-23 11:05:19'),(32,1,61,'application/emma+xml',NULL,'2012-11-17 19:02:31'),(33,2,198,'application/vnd.ms-powerpoint.presentation.macroenabled.12',NULL,'2010-01-25 20:08:59'),(34,2,12,'application/sbml+xml',NULL,'1973-05-23 17:54:52'),(35,3,136,'application/vnd.lotus-screencam',NULL,'2002-05-25 15:11:29'),(36,2,8,'application/vnd.oma.dd2+xml',NULL,'2001-09-11 03:45:06'),(37,3,46,'video/vnd.dece.video',NULL,'2006-05-16 23:41:33'),(38,2,84,'application/vnd.oasis.opendocument.presentation-template',NULL,'1997-12-04 03:01:04'),(39,2,135,'application/vnd.smaf',NULL,'1994-01-11 22:07:12'),(40,3,15,'application/vnd.dvb.ait',NULL,'2017-08-13 20:57:44'),(41,1,110,'application/vnd.sema',NULL,'2011-12-29 20:20:30'),(42,2,13,'application/x-tex-tfm',NULL,'1982-06-30 11:37:56'),(43,3,67,'application/x-rar-compressed',NULL,'1999-06-16 09:48:24'),(44,2,116,'image/x-xpixmap',NULL,'1989-01-08 03:06:20'),(45,1,75,'application/vnd.pvi.ptid1',NULL,'1982-07-18 19:26:53'),(46,3,148,'application/vnd.ibm.secure-container',NULL,'1971-04-21 03:20:54'),(47,1,27,'application/vnd.dreamfactory',NULL,'2005-08-14 10:07:43'),(48,1,141,'application/vnd.hal+xml',NULL,'2011-11-13 03:07:51'),(49,1,103,'application/vnd.dece.unspecified',NULL,'1992-12-20 03:19:06'),(50,3,192,'image/x-xpixmap',NULL,'2005-04-28 08:13:19'),(51,1,27,'application/vnd.tcpdump.pcap',NULL,'2013-07-01 13:16:43'),(52,3,23,'application/x-ms-shortcut',NULL,'1982-11-01 18:59:31'),(53,2,100,'image/vnd.dwg',NULL,'1983-10-02 18:57:26'),(54,2,158,'model/vnd.gdl',NULL,'2008-12-08 14:12:20'),(55,1,105,'application/mathml+xml',NULL,'2019-06-05 06:36:44'),(56,3,74,'application/vnd.olpc-sugar',NULL,'2019-02-17 11:09:52'),(57,1,82,'application/vnd.lotus-organizer',NULL,'2016-04-29 11:18:22'),(58,2,197,'application/vnd.ms-works',NULL,'1992-09-18 12:32:58'),(59,3,160,'application/x-blorb',NULL,'2015-12-05 05:34:46'),(60,2,198,'application/java-vm',NULL,'1973-06-16 11:06:02'),(61,1,87,'video/jpm',NULL,'1981-04-15 01:51:37'),(62,3,49,'application/vnd.svd',NULL,'2018-07-31 15:29:49'),(63,2,154,'application/vnd.openxmlformats-officedocument.wordprocessingml.template',NULL,'2002-01-09 02:10:16'),(64,3,137,'image/x-portable-pixmap',NULL,'2005-11-30 01:36:38'),(65,1,143,'application/pskc+xml',NULL,'2009-06-18 11:36:10'),(66,2,94,'text/cache-manifest',NULL,'2012-05-05 03:02:14'),(67,3,127,'application/vnd.dpgraph',NULL,'1984-11-02 20:41:03'),(68,2,42,'application/vnd.kde.kspread',NULL,'1973-09-24 22:36:55'),(69,1,23,'application/x-gramps-xml',NULL,'2011-10-08 00:36:20'),(70,3,60,'text/html',NULL,'1991-03-06 23:27:20'),(71,2,171,'application/x-csh',NULL,'2013-08-15 09:20:25'),(72,2,142,'application/xcap-diff+xml',NULL,'1991-02-27 21:38:48'),(73,1,19,'video/x-ms-wmx',NULL,'2020-04-04 16:36:30'),(74,3,200,'application/x-sv4crc',NULL,'2000-09-29 09:25:49'),(75,3,50,'application/vnd.ms-project',NULL,'1980-07-25 18:02:43'),(76,3,12,'audio/x-mpegurl',NULL,'1971-10-10 00:16:42'),(77,3,143,'application/vnd.openxmlformats-officedocument.presentationml.slide',NULL,'1975-07-12 15:52:43'),(78,1,48,'video/x-ms-wm',NULL,'2002-07-27 09:00:59'),(79,2,50,'application/x-mscardfile',NULL,'1996-06-13 13:35:19'),(80,3,153,'model/x3d+binary',NULL,'1993-08-01 03:22:58'),(81,3,113,'image/bmp',NULL,'2003-07-14 10:19:34'),(82,1,161,'image/x-pcx',NULL,'1988-03-04 15:33:07'),(83,1,162,'application/ogg',NULL,'1997-07-05 20:04:09'),(84,1,64,'application/vnd.musician',NULL,'1992-10-20 00:27:03'),(85,3,1,'application/vnd.pvi.ptid1',NULL,'1974-09-08 07:53:05'),(86,2,112,'application/vnd.lotus-screencam',NULL,'1980-10-11 07:21:25'),(87,3,56,'application/x-subrip',NULL,'1980-02-10 16:09:02'),(88,1,23,'application/x-chat',NULL,'1997-12-25 00:43:55'),(89,2,191,'application/java-vm',NULL,'2018-11-02 16:48:42'),(90,1,53,'application/x-font-type1',NULL,'1991-08-13 23:30:32'),(91,1,19,'application/vnd.ezpix-package',NULL,'1991-11-28 19:43:14'),(92,1,176,'application/vnd.kenameaapp',NULL,'1985-06-12 22:00:27'),(93,3,125,'audio/basic',NULL,'1992-08-08 13:01:40'),(94,1,57,'video/x-ms-vob',NULL,'2009-09-13 09:23:20'),(95,3,8,'application/vnd.ecowin.chart',NULL,'1992-09-06 10:03:33'),(96,1,166,'application/vnd.immervision-ivp',NULL,'1995-04-19 02:15:43'),(97,2,55,'application/pskc+xml',NULL,'1973-04-13 18:07:56'),(98,2,159,'application/x-ustar',NULL,'1980-12-13 07:13:54'),(99,1,129,'application/vnd.xfdl',NULL,'1982-04-24 20:04:01'),(100,1,1,'text/x-java-source',NULL,'1975-02-02 20:04:40');
/*!40000 ALTER TABLE `media` ENABLE KEYS */;
UNLOCK TABLES;

--
-- Table structure for table `media_type`
--

DROP TABLE IF EXISTS `media_type`;
/*!40101 SET @saved_cs_client     = @@character_set_client */;
/*!50503 SET character_set_client = utf8mb4 */;
CREATE TABLE `media_type` (
  `id` int unsigned NOT NULL AUTO_INCREMENT,
  `name` varchar(45) CHARACTER SET utf8mb4 COLLATE utf8mb4_unicode_ci NOT NULL,
  PRIMARY KEY (`id`),
  UNIQUE KEY `id_UNIQUE` (`id`)
) ENGINE=InnoDB AUTO_INCREMENT=4 DEFAULT CHARSET=utf8mb4 COLLATE=utf8mb4_unicode_ci;
/*!40101 SET character_set_client = @saved_cs_client */;

--
-- Dumping data for table `media_type`
--

LOCK TABLES `media_type` WRITE;
/*!40000 ALTER TABLE `media_type` DISABLE KEYS */;
INSERT INTO `media_type` VALUES (1,'audio'),(2,'video'),(3,'img');
/*!40000 ALTER TABLE `media_type` ENABLE KEYS */;
UNLOCK TABLES;

--
-- Table structure for table `message`
--

DROP TABLE IF EXISTS `message`;
/*!40101 SET @saved_cs_client     = @@character_set_client */;
/*!50503 SET character_set_client = utf8mb4 */;
CREATE TABLE `message` (
  `id` int unsigned NOT NULL AUTO_INCREMENT,
  `from_user_id` int unsigned NOT NULL,
  `to_user_id` int unsigned NOT NULL,
  `text` text CHARACTER SET utf8mb4 COLLATE utf8mb4_unicode_ci,
  `created_at` datetime NOT NULL DEFAULT CURRENT_TIMESTAMP,
  `read_at` datetime DEFAULT NULL,
  `updated_at` datetime DEFAULT NULL,
  `deleted_at` datetime DEFAULT NULL,
  `media_id` int unsigned DEFAULT NULL,
  PRIMARY KEY (`id`),
  UNIQUE KEY `id_UNIQUE` (`id`),
  KEY `fk_message_user1_idx` (`from_user_id`),
  KEY `fk_message_user2_idx` (`to_user_id`),
  KEY `fk_message_media1_idx` (`media_id`),
  CONSTRAINT `fk_message_media1` FOREIGN KEY (`media_id`) REFERENCES `media` (`id`),
  CONSTRAINT `fk_message_user1` FOREIGN KEY (`from_user_id`) REFERENCES `user` (`id`),
  CONSTRAINT `fk_message_user2` FOREIGN KEY (`to_user_id`) REFERENCES `user` (`id`)
) ENGINE=InnoDB AUTO_INCREMENT=101 DEFAULT CHARSET=utf8mb4 COLLATE=utf8mb4_unicode_ci;
/*!40101 SET character_set_client = @saved_cs_client */;

--
-- Dumping data for table `message`
--

LOCK TABLES `message` WRITE;
/*!40000 ALTER TABLE `message` DISABLE KEYS */;
INSERT INTO `message` VALUES (1,118,22,'Maxime ipsum nulla exercitationem odio modi facere. Quae vel ratione alias omnis. Quaerat unde consequatur illum qui nesciunt.','1999-07-12 21:39:20',NULL,NULL,NULL,1),(2,50,167,'Cupiditate assumenda pariatur at est et dolorum soluta aut. Quam voluptatem nisi doloribus. Quaerat impedit itaque neque. Nostrum et incidunt quia quia qui. Commodi et ipsam dignissimos dolore.','2010-02-19 14:55:24',NULL,NULL,NULL,2),(3,4,143,'Qui molestias numquam quas. Qui animi sit eius nihil est nemo. Omnis fugiat consequuntur enim repellat.','1984-09-10 09:21:53','2001-12-23 08:01:56',NULL,NULL,3),(4,120,29,'Nisi quia et neque inventore in mollitia. Sunt fugiat nam voluptatem odio est voluptas quaerat corrupti. Repudiandae voluptas eius voluptas.','1970-10-22 12:44:25','2008-02-12 11:00:20','1979-12-11 17:10:10',NULL,4),(5,180,135,'Voluptate sit aut quaerat. Rerum ipsam aut id incidunt sit veniam. Est repudiandae quibusdam nesciunt numquam deserunt. Voluptas nesciunt omnis eum excepturi.','2015-09-25 19:39:05',NULL,NULL,'2020-09-25 21:37:35',5),(6,110,34,'Iste dolor magnam architecto occaecati. Fuga omnis aliquam cupiditate amet. Et deserunt optio amet beatae et.','2018-02-02 06:07:39',NULL,NULL,'2019-07-22 11:04:34',6),(7,119,2,'Magni doloribus eius qui qui numquam magni porro nobis. Porro non deleniti dolor consequatur. Quo alias voluptatem aut debitis et amet possimus.','1999-05-26 16:31:40','2011-08-11 04:37:02',NULL,NULL,7),(8,158,45,'Vel dolores consequatur voluptas nemo nesciunt magnam soluta. Non possimus voluptatem qui repudiandae. Cum enim voluptas aut pariatur ullam.','1997-03-03 11:32:53',NULL,'2010-06-16 12:34:32',NULL,8),(9,56,2,'Et commodi odit labore voluptas sint. Beatae beatae deleniti et saepe corporis esse ut. Maiores molestiae doloremque asperiores porro vel ad vitae. Quaerat est laboriosam explicabo qui vero sint.','2013-07-10 22:36:00',NULL,NULL,'2015-05-13 19:16:06',9),(10,136,98,'Quod expedita id culpa sed optio quo. Necessitatibus nesciunt nesciunt modi temporibus cumque. Laboriosam et nobis quae dolor doloremque aliquid. Nihil autem incidunt atque est veniam.','1989-05-22 03:53:52','2016-05-10 14:08:53','2005-03-16 19:20:39',NULL,10),(11,2,56,'Eum aut explicabo voluptatem ut et quia. Natus quo maxime impedit maiores. Quidem culpa perferendis quos veniam. Ea quasi occaecati ex magni.','1975-11-05 09:06:52','2013-02-03 14:19:32','2005-10-16 05:44:10',NULL,11),(12,94,67,'Et ullam libero earum soluta. Nemo aspernatur voluptatem ut. Sit qui nesciunt architecto voluptatum dolor non voluptas.','2001-05-09 20:49:20',NULL,NULL,NULL,12),(13,152,130,'Et et doloribus rerum iusto quaerat aliquid ratione autem. Sequi voluptatum consequuntur totam iusto error et expedita minima. Illum exercitationem voluptatibus error.','1999-12-14 09:41:25',NULL,NULL,NULL,13),(14,17,179,'Consequatur corporis voluptatum quo enim autem ut dolore incidunt. Dolor ad animi eos. Tempora aliquam dolor aut minima natus aut.','1998-03-17 20:24:03','2016-02-04 17:49:02','2010-11-20 05:14:16',NULL,14),(15,110,181,'Molestiae non maiores id suscipit quia beatae maiores aut. Consequatur eligendi sit praesentium voluptatem et aut quo.','1995-05-19 14:45:58',NULL,'2018-04-02 22:20:57',NULL,15),(16,7,27,'Molestias aperiam quas quo ducimus. Doloribus ipsam tempore et velit atque ipsum.','2009-02-25 03:53:32',NULL,'2018-03-22 18:32:29',NULL,16),(17,2,56,'Veritatis voluptas beatae quibusdam non dolor et quo enim. Perferendis id quaerat ex. Iste et suscipit omnis ut deserunt veniam. Ut sed qui labore enim qui.','1978-03-14 04:22:28',NULL,'1999-03-08 09:53:17','2020-11-07 12:29:10',17),(18,194,5,'Ea aut explicabo et. Nam repudiandae maiores corporis rerum sint nulla. Reiciendis autem corrupti enim expedita quis dolore saepe. Unde nostrum eius voluptatem dolor ut adipisci.','1977-07-12 17:28:23',NULL,'1986-01-13 00:48:31','2008-05-13 21:34:11',18),(19,199,113,'Tenetur aliquid qui quod et sed asperiores repudiandae. Quas rerum sit recusandae et deserunt eligendi sapiente. Et suscipit qui incidunt aut.','2006-04-07 12:45:07',NULL,'2008-11-15 00:07:51','2019-05-02 21:34:42',19),(20,34,178,'Ut officia exercitationem voluptate accusamus maxime. Quam quia est dolor. Sint similique quisquam quisquam occaecati aut autem. Quis quas perferendis eum voluptas minima.','1988-04-06 19:18:44',NULL,'2006-12-26 13:33:34','2017-08-24 20:57:29',20),(21,48,143,'Non nemo officia quo dolorem doloremque et non. Enim qui deleniti et ad et. Aliquid suscipit rerum voluptates. Modi amet debitis voluptatem qui est mollitia laborum.','1972-08-05 20:17:06','1999-10-05 16:37:48',NULL,NULL,21),(22,12,166,'Consequuntur deleniti saepe consequatur repudiandae ut eveniet. Voluptatem pariatur optio deserunt molestiae nihil.','1999-09-24 04:44:33',NULL,NULL,NULL,22),(23,169,170,'Ut vitae aut quas nostrum corrupti ut. Et eveniet expedita qui ipsum nesciunt explicabo quidem architecto.','1993-02-08 02:47:49','2005-07-02 10:26:24',NULL,NULL,23),(24,11,52,'Et error laboriosam laudantium ea non. Blanditiis quibusdam omnis aperiam. Molestias recusandae maiores culpa ipsam minus. Voluptas rem occaecati ullam in rem excepturi.','1981-11-10 13:44:21','2006-10-02 09:40:55','1985-06-07 21:50:30',NULL,24),(25,65,146,'Sed possimus maiores omnis. Doloremque id quis ut ipsum. Voluptatem consequatur quae excepturi. Maiores animi ab facilis.','2006-05-19 21:38:16','2019-03-05 05:32:46',NULL,NULL,25),(26,150,45,'Corrupti asperiores cupiditate dolor aut non illo. Debitis sed ut et impedit atque quidem iusto dicta. Suscipit ipsa suscipit dolor.','1985-05-25 20:23:54','1992-12-14 13:16:55',NULL,NULL,26),(27,138,43,'Rerum et ullam aut ducimus. Odio porro praesentium dolor est voluptatem. A laboriosam quibusdam veniam.','1970-09-08 15:41:13','2012-06-08 20:28:54','1981-04-22 02:29:38',NULL,27),(28,112,90,'Velit tempore consectetur libero harum aut voluptatem soluta ducimus. Qui adipisci assumenda cupiditate et ullam ut est. Est eum sunt et est. Placeat rerum odio similique illo aliquam et.','1988-06-08 23:04:57',NULL,'2018-03-23 23:02:02',NULL,28),(29,172,129,'Cupiditate mollitia et sit. Nam placeat labore tempore. Eligendi id libero recusandae incidunt incidunt corrupti officiis. Placeat architecto ut temporibus dolore.','2020-12-17 04:51:15',NULL,NULL,NULL,29),(30,68,82,'Reprehenderit rerum aut sed tempora quia qui aut. Aut maiores ipsum id.\nQui in eaque quis. Est similique nobis nihil vel qui esse. Corrupti culpa ratione soluta voluptas quis eaque nihil.','1971-02-15 21:38:24','1975-02-02 18:43:28',NULL,NULL,30),(31,109,74,'Blanditiis quaerat voluptates nam odit alias. Expedita unde quibusdam tempora ipsa. Mollitia minus unde et qui ullam deserunt.','1973-06-30 22:15:42','1997-04-25 07:55:58','1980-05-02 11:47:42',NULL,31),(32,108,110,'Qui earum vel alias. Dicta ut nemo facilis deserunt atque doloremque. Eum et modi officia. Nobis eos adipisci placeat corrupti sed aut. Earum adipisci repellat perspiciatis at sit sit.','1977-08-30 13:21:31','2006-02-26 17:58:50',NULL,NULL,32),(33,130,102,'Accusantium ullam vitae harum ratione dolor perferendis. Quia eius perspiciatis voluptate et amet. Adipisci et saepe quo adipisci mollitia quia.','1978-12-29 06:32:37','1989-12-25 12:11:56',NULL,NULL,33),(34,114,128,'Iusto esse fuga hic temporibus totam est distinctio. Aut reprehenderit ut voluptas cumque laudantium iste in. Beatae non cumque dicta qui.','2009-11-25 06:35:41','2010-02-23 11:20:21',NULL,NULL,34),(35,15,148,'Maxime ducimus rerum omnis voluptas suscipit. Quo adipisci nesciunt nesciunt perferendis. Repudiandae ut debitis officia nihil voluptatem.','1977-12-26 06:29:26','1987-10-14 03:44:09',NULL,NULL,35),(36,106,62,'Iste quasi ipsum numquam sit. Ea est voluptatibus nostrum et officiis quia. Esse exercitationem eum delectus nemo laudantium fuga.','1994-10-13 08:51:00',NULL,'2009-04-16 11:50:10',NULL,36),(37,90,118,'Magnam voluptatem consequatur fugiat aut facilis rerum. Maiores praesentium qui nihil saepe quia hic ea. Distinctio nihil atque amet quia autem eaque totam.','2016-11-23 09:55:09',NULL,NULL,NULL,37),(38,28,58,'Totam enim dicta officiis. Minima molestiae aut occaecati quis aliquam consectetur. Quae tempora maiores amet necessitatibus aliquid.','1985-06-15 04:44:57','1999-08-19 20:03:56',NULL,NULL,38),(39,87,39,'Dolore sunt et veritatis et voluptatibus rerum qui id. Atque enim natus dolorem iusto sed. Ipsam qui iste tempore tenetur cupiditate ipsam et. Neque nesciunt ut ad eaque adipisci occaecati.','2014-03-11 11:40:34',NULL,NULL,NULL,39),(40,110,152,'Quisquam id quia aut id non maxime. Qui id fugiat sunt enim excepturi at. Consectetur quam beatae consequatur recusandae a similique occaecati. Officia non amet qui in.','2006-08-14 23:05:09',NULL,NULL,NULL,40),(41,185,59,'Est nostrum cum ipsum et voluptatibus sequi. Tenetur odit voluptas corrupti quis quos eum a. Possimus ullam ea voluptas impedit in tempora commodi.','2005-02-04 23:31:33','2014-11-11 03:00:18',NULL,NULL,41),(42,196,122,'Ut facere perferendis quisquam et. Rerum nam temporibus animi non. Atque voluptatibus nulla unde quia sint.','1983-03-30 11:08:37','1986-03-13 07:20:04',NULL,NULL,42),(43,102,108,'Doloribus nostrum corporis culpa nostrum minus. Ipsum animi sit consequatur voluptas doloribus repudiandae molestiae. Qui corporis magni illo hic.','1986-10-24 12:06:11','1992-10-24 19:46:37',NULL,NULL,43),(44,56,2,'In accusamus unde ipsam architecto deleniti minima facere ut. Aut dolor blanditiis maiores et ut vero. Eos ex explicabo ab.','1995-07-23 21:16:10','2020-03-31 15:58:37','2017-10-26 21:06:09',NULL,44),(45,36,79,'Impedit dolorem quae sunt quo. Porro laudantium qui dolore ratione sequi. Libero ut ullam occaecati qui qui. In atque perspiciatis debitis consectetur est libero.','2019-03-15 22:51:04',NULL,NULL,NULL,45),(46,155,144,'Voluptas sint ab praesentium vitae nihil alias molestias nihil. Veritatis molestias inventore quae.','2018-07-13 07:05:49',NULL,NULL,NULL,46),(47,153,63,'Aut debitis quia expedita eligendi sapiente. Temporibus facere atque omnis id est laudantium quia. Et veritatis iste iusto rerum minus. Laudantium asperiores aut et voluptates iste et dolores.','1984-09-11 08:46:57','1999-07-10 04:44:02',NULL,NULL,47),(48,54,82,'Sapiente consequuntur qui doloribus facilis a ab accusamus. Fuga error nam magnam maxime. Cumque labore autem eum et illo eveniet eum.','2010-04-30 17:42:38',NULL,'2017-01-11 10:26:48','2017-07-02 20:17:00',48),(49,164,168,'Consectetur quidem debitis quod. Tenetur sed sequi eos quas. Mollitia rerum architecto est non. Hic repellat et commodi deleniti aut nostrum placeat.','1981-09-23 20:39:28',NULL,'2006-07-10 03:06:48',NULL,49),(50,9,2,'Expedita consectetur accusamus rerum nam sit qui. Error sapiente ea natus. In at explicabo qui ea ut. Illum incidunt minus ut et dolor repellat.','1986-08-12 02:02:26','2021-01-10 04:31:53',NULL,NULL,50),(51,115,115,'Amet molestiae enim sit saepe commodi. Quia inventore dignissimos provident perspiciatis nisi veniam harum. Non ut velit laudantium tenetur velit molestiae ullam.','1976-03-23 11:42:10','1998-10-05 20:31:03',NULL,NULL,51),(52,39,4,'Sed vero qui laborum. Deleniti aut dolores et sunt consequatur quasi accusantium omnis. Aperiam aliquam ad voluptas officiis omnis tenetur. Unde iste quas veniam quo dolor quas quis.','1997-01-17 02:51:39','2002-12-25 22:26:50',NULL,NULL,52),(53,32,67,'Doloremque quo repudiandae aut nostrum dolor quia quod. Magni voluptate repudiandae soluta temporibus nulla. Et sapiente reprehenderit perspiciatis et. Quia similique provident temporibus ut unde.','2018-05-20 18:49:16',NULL,NULL,NULL,53),(54,62,118,'Omnis eos quam sed. Deserunt ad rerum ad quasi ipsam. Quo placeat sit dicta temporibus eveniet. Dolore debitis facere veritatis dignissimos dolores distinctio.','2008-01-14 12:40:18',NULL,'2008-09-01 16:52:29',NULL,54),(55,105,171,'At ratione ut quia vitae vel tempora. Et fugit recusandae repellendus. Soluta tempore veritatis modi et id.','1996-07-14 15:33:24','1997-10-31 08:44:55',NULL,NULL,55),(56,69,89,'Sunt quia dolore dolorem aut. Facilis consequuntur iure est. Nesciunt eum quis in sit.','1974-03-07 02:17:08','1990-09-25 05:45:52','1978-07-21 05:40:05',NULL,56),(57,30,65,'Facilis dolor debitis fuga possimus exercitationem. Ipsa et non et provident. Saepe excepturi molestiae ad consequatur repellendus vero. Cum sequi vel voluptate porro est.','1972-10-29 06:43:17','1997-02-20 09:31:37',NULL,NULL,57),(58,10,2,'Maiores aut sequi rerum veritatis cum et. Placeat saepe adipisci et cum repudiandae ea. Corporis dolorem eos temporibus occaecati voluptates. Quasi aut qui mollitia officiis recusandae.','1986-05-01 08:40:18',NULL,'1988-07-13 04:07:32','2019-03-17 15:07:52',58),(59,172,21,'Eligendi et qui non aut totam in. Consectetur exercitationem dolorum harum neque nam molestiae et. Provident quibusdam debitis qui ea maxime ea ex tempore. Veniam quo ipsam ab non debitis temporibus.','1997-09-11 10:31:13',NULL,NULL,NULL,59),(60,4,8,'Explicabo eligendi quis magni. Modi consequatur architecto amet qui. Ut aperiam tenetur nemo harum fuga ut velit.','2005-09-11 00:06:41',NULL,NULL,NULL,60),(61,100,158,'Sit quasi ut reprehenderit iure aliquid quas et. Qui provident qui totam ex omnis officia. Repellendus error et pariatur odit eos eveniet sunt. Ut facilis dolor corrupti ab sint ut unde.','2009-05-11 02:02:46',NULL,'2016-01-26 15:05:47',NULL,61),(62,151,52,'Quaerat accusamus in non et et ea. Cumque aspernatur praesentium adipisci saepe suscipit repudiandae. Tempore nulla possimus impedit minima quae rem. Sapiente non natus modi similique dolore quae.','2007-09-07 13:28:35',NULL,NULL,NULL,62),(63,20,4,'Excepturi voluptatem consequatur ut culpa voluptatem quo. Eveniet veniam iste maiores dolores. Ipsum et occaecati minus amet quia.','2001-09-17 06:13:47','2016-12-12 16:49:54',NULL,NULL,63),(64,133,183,'Aut est possimus beatae delectus magnam. Omnis porro molestiae voluptatum officiis. Facilis eum assumenda ipsa soluta rem. Atque veniam ipsa eligendi tempora id consequuntur atque.','2010-01-17 20:14:49',NULL,'2012-09-29 11:11:28',NULL,64),(65,172,142,'In esse mollitia nulla rem debitis vero. Blanditiis dolor recusandae commodi. Nihil dolorem rerum sint ad.','2017-03-06 10:19:21',NULL,NULL,NULL,65),(66,160,86,'Asperiores et laboriosam dolorum sunt et quod similique. Ad libero magni ut eum vero sit quam. Est voluptas accusamus eum ratione quaerat soluta quos.','1980-09-13 05:24:32','2012-05-17 00:25:07',NULL,NULL,66),(67,56,199,'Animi eius provident non temporibus. Inventore et exercitationem rem omnis. Iusto voluptatibus sint qui facilis inventore. Est asperiores quo placeat.','1975-05-06 04:21:36','2013-09-29 12:50:15','2012-11-25 17:08:55',NULL,67),(68,89,87,'Et aut eius ut excepturi quidem est voluptatum dolorem. Expedita necessitatibus perspiciatis omnis. Assumenda est voluptatem provident reiciendis totam.','2008-05-28 09:07:03',NULL,NULL,NULL,68),(69,65,151,'Itaque libero repellat quas excepturi debitis rerum eum. Tempora ratione vel nesciunt. Et aut et aliquid sit et. Voluptatem maxime ut tempore repellendus autem aut.','2005-11-01 18:00:05',NULL,NULL,NULL,69),(70,5,170,'Quibusdam maxime illum hic velit et voluptas ipsum. Autem voluptas rerum nam et autem consequatur. Deserunt beatae autem ratione est. Ducimus culpa quae rem et modi dolor iure.','2016-04-29 11:38:08',NULL,NULL,NULL,70),(71,121,74,'Illum vel alias laudantium facere. Nisi dolor eaque quo provident nam adipisci. Sed minus excepturi aliquid ratione quia molestiae. Tenetur incidunt labore nesciunt quisquam laboriosam rerum iusto.','1981-08-19 23:00:15',NULL,NULL,'1983-02-04 08:44:24',71),(72,58,151,'Maxime amet ea vel velit autem autem. Facere debitis minima consectetur esse. Sed et vero recusandae aliquid ea.','2017-07-01 10:28:52',NULL,NULL,NULL,72),(73,138,68,'Aut quod quia dicta eos sunt. Est aut aperiam id quia error. Perferendis sunt qui perferendis perferendis. Veniam doloremque aperiam cupiditate voluptatem.','2011-03-27 05:20:12','2014-08-31 02:22:53',NULL,NULL,73),(74,81,110,'Nesciunt ipsa voluptatem possimus et molestiae hic molestias. Et sint recusandae nemo tempora tenetur. Eius eum et possimus ut. Voluptatem et iure perspiciatis enim ea.','1993-08-29 12:05:27',NULL,'1998-10-06 09:24:07',NULL,74),(75,89,84,'Et enim rerum mollitia nobis. Doloribus vel sit ut maiores. Laudantium rerum repellendus maxime vitae rerum.','2009-05-06 21:03:04','2015-03-23 16:23:09',NULL,NULL,75),(76,117,188,'Veritatis aut autem asperiores odit. Eligendi est quas sit. Nesciunt minus magnam saepe deleniti perspiciatis in. Beatae culpa maxime voluptatem saepe qui modi non animi. Cumque et dolor quia.','2011-06-08 22:19:01',NULL,NULL,NULL,76),(77,41,68,'Dolor facere velit quibusdam dolores repellendus dicta. Ut eos inventore sit rem deleniti eius possimus.','2004-04-29 17:10:25','2006-07-23 16:37:37',NULL,NULL,77),(78,39,61,'Quas dolorum dolor et voluptatum. Ut veritatis qui et voluptas. Nulla molestiae dicta minima qui fugiat voluptatem fugiat. Aut similique porro occaecati.','1996-02-04 15:27:49',NULL,NULL,NULL,78),(79,72,172,'Autem facilis consequatur ipsum corporis odit repellendus corporis. Mollitia fugit iste id quasi accusamus necessitatibus odio. Ut et quod natus vel autem. Inventore et molestias quod sequi cum vel.','1971-07-12 01:54:33',NULL,'1997-12-23 00:00:38',NULL,79),(80,43,43,'Occaecati pariatur quos veritatis eos iusto. Optio dicta voluptatem rem. Expedita voluptatum vel voluptatem.','1986-02-24 16:52:29','2000-08-01 00:19:50',NULL,NULL,80),(81,114,3,'Commodi in veniam accusantium vitae. Officiis non odio aut quisquam quo inventore. Nemo aliquid autem corporis ut id ipsum facere.','2017-08-05 18:44:25',NULL,NULL,NULL,81),(82,128,169,'Inventore debitis aperiam eius tenetur. Nostrum non possimus est. Dolores sapiente nisi omnis est.','1989-11-06 19:47:59','2011-11-21 04:15:22',NULL,NULL,82),(83,2,17,'Facilis cumque nam minima illum natus soluta dolorem. Saepe ea quod numquam magni nostrum corrupti. Voluptates molestias voluptatem et suscipit similique numquam earum.','1984-09-16 09:29:45','2008-09-05 16:06:44',NULL,NULL,83),(84,56,67,'Ab reprehenderit velit rerum non autem in non aspernatur. Quae debitis quos distinctio molestiae praesentium totam quod. Quos numquam quos porro molestias ut perspiciatis placeat.','2007-07-24 05:10:57','2015-08-14 01:21:43',NULL,NULL,84),(85,167,61,'Ad blanditiis architecto velit. At maiores ex dolor delectus et architecto.\nEt sit at et. Praesentium dolorem ullam quam ducimus asperiores.','1972-03-23 09:44:31','1974-10-29 06:06:07',NULL,NULL,85),(86,36,88,'Suscipit dolore dolorum aliquid maxime consectetur. Sint eaque omnis et autem deleniti vel minima. Non sed earum et velit.','1994-07-22 14:15:35','2012-12-17 09:20:34','2001-05-07 03:37:45',NULL,86),(87,134,94,'Cumque non est eaque ut incidunt nostrum. Voluptate maiores ut eum itaque. Modi cum architecto omnis sit expedita illum ut. Eius animi aspernatur accusantium enim quibusdam vitae.','1972-04-05 23:11:30','2008-05-05 22:32:07',NULL,NULL,87),(88,38,71,'Adipisci suscipit repudiandae tenetur consequatur voluptate et fugit. Rem accusamus ea vero. Dolore delectus dolore laboriosam aut consequuntur autem rerum nemo.','1996-02-22 06:42:46','2004-09-26 15:13:41',NULL,NULL,88),(89,162,118,'Repellat rerum accusantium ut est sapiente. Quae eum est beatae iste voluptas.','2007-11-02 10:22:03',NULL,NULL,NULL,89),(90,181,50,'Sapiente odio odio iusto soluta voluptatem et. Magnam a qui aut quasi. Ex mollitia reprehenderit eos temporibus nostrum.','2004-07-02 03:01:05','2014-10-02 15:17:47',NULL,NULL,90),(91,2,56,'Culpa laborum officia quia dolor. Non et vel aliquam voluptatem. Id fuga facilis voluptas quia officia.','1981-09-19 06:28:10','2007-09-21 15:16:38',NULL,NULL,91),(92,38,42,'Expedita explicabo omnis autem dolor. Illo corporis soluta vel vero quidem. Ut quibusdam praesentium corporis dolorem ratione nihil.','2012-04-24 04:42:08',NULL,NULL,NULL,92),(93,165,77,'Rerum necessitatibus libero possimus repudiandae. Iure omnis at consequatur et non. Sed voluptas in possimus dolor sunt impedit.','1992-08-09 06:07:45',NULL,'2010-10-26 02:05:14',NULL,93),(94,102,36,'Perferendis in sequi consequatur. Nihil aut perferendis dolorum porro. Mollitia ipsum laboriosam quo.','1993-06-11 05:49:54','2006-07-24 04:02:22',NULL,NULL,94),(95,48,145,'Veniam enim doloribus ab quia. Quas reprehenderit quibusdam architecto.','2003-02-24 21:04:04',NULL,NULL,NULL,95),(96,79,161,'Sed rerum cum aut doloribus. Porro natus aliquid aut quibusdam ut sunt illum. Eligendi qui id a nisi deserunt. Voluptatem ducimus ut rerum vel vitae corrupti qui.','1978-04-05 12:05:21','2007-11-01 02:43:54','1988-05-05 09:02:05',NULL,96),(97,148,6,'Reprehenderit aut rem maiores ipsum et. Iure voluptatem rerum et laboriosam. Quidem molestiae repellendus fugit qui voluptatem. Est ab aut molestiae esse maxime voluptatem laudantium.','1987-01-12 22:17:39',NULL,'2006-08-19 02:58:32',NULL,97),(98,130,149,'Perferendis impedit quisquam est consequatur placeat. Est non repellat nisi voluptas.','1986-12-29 12:49:55','1997-09-20 15:05:53','1993-11-05 22:35:02',NULL,98),(99,23,186,'Qui dicta dolore atque. Inventore enim porro placeat voluptates. Praesentium rerum exercitationem molestiae quibusdam corporis sint esse. Ipsum veniam minus id id vero.','1973-01-10 05:25:05','1976-05-15 04:26:03',NULL,NULL,99),(100,15,189,'Est distinctio consequatur aut ad sit. Error aut omnis doloremque velit iure. Quia dolorem non porro modi aut. Autem et asperiores quia voluptas. Ut dolorem sed eum et iste voluptatum.','1984-06-13 06:39:03','2008-11-01 09:15:10','2003-02-10 08:27:18',NULL,100);
/*!40000 ALTER TABLE `message` ENABLE KEYS */;
UNLOCK TABLES;

--
-- Table structure for table `orders`
--

DROP TABLE IF EXISTS `orders`;
/*!40101 SET @saved_cs_client     = @@character_set_client */;
/*!50503 SET character_set_client = utf8mb4 */;
CREATE TABLE `orders` (
  `id` int unsigned NOT NULL AUTO_INCREMENT,
  `product_name` varchar(45) NOT NULL,
  `user_id` int unsigned NOT NULL,
  `created_at` datetime NOT NULL DEFAULT CURRENT_TIMESTAMP,
  PRIMARY KEY (`id`)
) ENGINE=InnoDB AUTO_INCREMENT=6 DEFAULT CHARSET=utf8mb4 COLLATE=utf8mb4_0900_ai_ci;
/*!40101 SET character_set_client = @saved_cs_client */;

--
-- Dumping data for table `orders`
--

LOCK TABLES `orders` WRITE;
/*!40000 ALTER TABLE `orders` DISABLE KEYS */;
INSERT INTO `orders` VALUES (1,'Телефон',45,'2021-03-17 16:57:05'),(2,'Кот',16,'2021-03-17 16:57:05'),(3,'Колбаска',95,'2021-03-17 16:57:05'),(4,'Пульт',44,'2021-03-17 16:57:05'),(5,'Квас',1,'2021-03-17 16:57:05');
/*!40000 ALTER TABLE `orders` ENABLE KEYS */;
UNLOCK TABLES;

--
-- Table structure for table `post`
--

DROP TABLE IF EXISTS `post`;
/*!40101 SET @saved_cs_client     = @@character_set_client */;
/*!50503 SET character_set_client = utf8mb4 */;
CREATE TABLE `post` (
  `id` int unsigned NOT NULL AUTO_INCREMENT,
  `community_id` int unsigned DEFAULT NULL,
  `from_user_id` int unsigned NOT NULL,
  `text` varchar(145) CHARACTER SET utf8mb4 COLLATE utf8mb4_unicode_ci DEFAULT NULL,
  `media_id` int unsigned DEFAULT NULL,
  `post_id` int unsigned DEFAULT NULL,
  `created_at` datetime NOT NULL DEFAULT CURRENT_TIMESTAMP,
  `updated_at` datetime DEFAULT NULL,
  `deleted_at` datetime DEFAULT NULL,
  PRIMARY KEY (`id`),
  UNIQUE KEY `id_UNIQUE` (`id`),
  KEY `fk_post_community1_idx` (`community_id`),
  KEY `fk_post_user1_idx` (`from_user_id`),
  KEY `fk_post_media1_idx` (`media_id`),
  KEY `fk_post_post1_idx` (`post_id`),
  CONSTRAINT `fk_post_community1` FOREIGN KEY (`community_id`) REFERENCES `community` (`id`),
  CONSTRAINT `fk_post_media1` FOREIGN KEY (`media_id`) REFERENCES `media` (`id`),
  CONSTRAINT `fk_post_post1` FOREIGN KEY (`post_id`) REFERENCES `post` (`id`),
  CONSTRAINT `fk_post_user1` FOREIGN KEY (`from_user_id`) REFERENCES `user` (`id`)
) ENGINE=InnoDB AUTO_INCREMENT=101 DEFAULT CHARSET=utf8mb4 COLLATE=utf8mb4_unicode_ci;
/*!40101 SET character_set_client = @saved_cs_client */;

--
-- Dumping data for table `post`
--

LOCK TABLES `post` WRITE;
/*!40000 ALTER TABLE `post` DISABLE KEYS */;
INSERT INTO `post` VALUES (1,7,23,'Quisquam esse exercitationem modi sequi consequuntur. Sapiente dolores commodi blanditiis et modi. Veniam et repudiandae quas omnis qui amet non.',60,NULL,'2017-10-25 18:20:41',NULL,'2020-05-30 01:24:13'),(2,2,79,'Earum consequatur dicta autem. Dolore recusandae eaque quos modi quibusdam rem dignissimos. Facere excepturi voluptatem ut est non asperiores dol',38,NULL,'2013-10-15 05:21:21',NULL,'2020-12-30 00:01:27'),(3,1,52,'Illo nihil rerum est odio. Quia nihil esse est sint et qui. Ea repudiandae recusandae beatae tempore consequatur.',56,NULL,'2012-11-06 07:48:45','2013-02-04 07:55:41','2020-05-26 23:24:53'),(4,10,90,'Exercitationem rerum debitis aliquid officiis necessitatibus esse. Non adipisci sequi quidem sed labore esse qui. Itaque eveniet suscipit atque i',65,NULL,'2019-09-27 22:24:08',NULL,'2020-08-06 03:50:38'),(5,16,90,'Facilis voluptatem sunt quaerat minus. Aut ut quia et voluptate et. Rem similique vel repudiandae consequatur velit voluptas. Natus totam est lab',95,NULL,'2020-08-10 20:13:40',NULL,NULL),(6,18,199,'Recusandae enim asperiores nostrum. Minus recusandae illum eos saepe et aut. Est dignissimos architecto ea esse ut dolore. Quia dignissimos est v',58,NULL,'2013-06-30 19:39:58',NULL,'2020-08-08 09:29:12'),(7,11,25,'Non harum quia odio aut repudiandae vero. Quia adipisci minus eaque et. Earum iure fuga officia numquam. Dicta sunt eaque voluptatum mollitia.',66,NULL,'2018-04-13 15:14:55','2020-07-29 23:23:00','2020-08-29 04:37:28'),(8,2,74,'Ex esse neque aut. Consequatur quis quaerat numquam dolore et. Libero facilis minima omnis recusandae. Facere et odio quae eos.',80,NULL,'2017-09-05 07:56:16',NULL,'2020-04-01 03:53:22'),(9,6,178,'Excepturi assumenda ut reprehenderit officiis commodi eaque aut. Excepturi rem hic ut aspernatur. Soluta eos eos rerum mollitia sequi voluptates.',86,NULL,'2019-01-09 19:11:42',NULL,'2020-05-03 15:47:56'),(10,8,9,'Voluptatem aut inventore recusandae fugiat voluptas iusto. Velit excepturi asperiores rerum voluptate esse soluta. Ut est perspiciatis ea quidem ',57,NULL,'2013-10-19 08:35:54','2016-12-23 19:55:19','2020-07-19 20:03:14'),(11,2,77,'In excepturi laboriosam provident molestiae a adipisci. Laboriosam iste expedita ratione perspiciatis minima alias nihil.',68,NULL,'2011-06-07 17:13:21','2014-04-05 20:03:45','2020-05-04 13:09:39'),(12,14,96,'Distinctio dolores occaecati accusantium facere iure qui ut. Exercitationem impedit tempora atque nisi fuga. Magnam temporibus saepe doloremque c',7,NULL,'2013-11-20 00:14:52','2020-07-05 02:45:33','2020-07-28 21:36:04'),(13,2,103,'Autem rerum porro deserunt ut molestias ea odio necessitatibus. Ut eius vitae expedita occaecati quasi et temporibus. Est qui et praesentium.',33,NULL,'2019-11-11 10:09:10',NULL,'2021-02-22 13:58:36'),(14,13,194,'Et nihil consequatur iusto eos ipsa ut numquam. Eos est veritatis quasi qui illum id voluptatem. Non velit suscipit aspernatur dolorem ea assumen',78,NULL,'2014-08-19 04:59:22','2015-03-21 03:12:19','2020-05-31 22:21:46'),(15,6,149,'Voluptatibus quae explicabo qui optio sint. Voluptatem quod ut dolores. Doloremque dolorem amet quae fuga ut.',23,NULL,'2016-11-08 06:56:27','2019-01-04 22:58:41','2020-04-14 16:37:11'),(16,5,129,'A aut non praesentium id quaerat numquam nulla. Dolor et et natus voluptates dolorem. Occaecati dignissimos dolor eius sequi debitis.',22,NULL,'2014-11-28 01:34:13',NULL,'2020-08-26 10:10:38'),(17,16,32,'Dolorem laborum qui amet blanditiis asperiores dicta. Quaerat est minima vero placeat ex tenetur. Ut voluptatibus exercitationem similique. Provi',35,NULL,'2012-06-21 23:01:03','2017-06-11 16:37:25','2020-07-13 22:48:30'),(18,9,45,'Consequatur ab rerum illum quidem tenetur aut et. Molestias quasi amet nobis voluptas non et. Animi numquam facere nesciunt eius ut similique per',72,NULL,'2014-06-03 17:40:08',NULL,'2020-11-11 09:45:50'),(19,5,95,'Corrupti magni quae iste iste ea accusamus alias. Eveniet ad ea modi iusto.',61,NULL,'2020-01-22 03:19:16',NULL,'2020-11-04 12:30:33'),(20,2,174,'Officiis tempore rerum libero sunt tempore sint maiores ut. Explicabo quas similique hic soluta corrupti. Necessitatibus temporibus ipsam consequ',65,NULL,'2017-01-19 04:56:40',NULL,'2020-03-12 23:56:29'),(21,13,193,'Reprehenderit libero ut repudiandae sit et. Et harum molestiae veritatis. Quia dolorem qui officia illum occaecati nihil voluptatem sit. Repellen',3,NULL,'2018-10-18 11:54:20',NULL,'2020-11-15 02:01:27'),(22,7,130,'Quod est ratione sapiente error est officia omnis. Et dolores totam odio aliquid. Et quaerat doloremque non quidem odio perspiciatis illo.',51,NULL,'2017-11-20 02:48:55',NULL,'2020-08-09 00:50:41'),(23,8,142,'Reiciendis esse qui quia voluptatem odit quia expedita. Ut aliquam nesciunt explicabo delectus unde. Repellendus enim cupiditate et voluptatibus ',2,NULL,'2011-04-19 04:25:12','2018-09-11 17:47:19','2020-04-13 12:02:22'),(24,15,65,'Voluptatibus aliquam optio qui id quas vel. Voluptatibus mollitia iure autem id voluptas omnis iste. Nostrum quia est architecto vel fuga qui.',99,NULL,'2019-10-21 13:46:45',NULL,'2020-12-14 11:45:51'),(25,10,116,'A quia doloremque est illum quas fugit. Eos necessitatibus quidem molestiae et. A rerum officiis alias aut omnis.',73,NULL,'2016-03-30 11:48:58','2016-10-08 11:28:05','2020-03-23 18:29:23'),(26,15,157,'Tempora reiciendis ea sed enim sed eveniet. Quisquam et sed culpa quas deleniti. Voluptatem praesentium omnis similique voluptatem.',37,NULL,'2016-05-04 23:37:57','2019-04-04 10:58:33','2020-12-12 14:53:15'),(27,19,112,'Id rem quidem mollitia tenetur incidunt. Nihil consequatur ea in laboriosam vero sint quidem. Ducimus ut maiores saepe ipsum. Illo labore dolore ',53,NULL,'2020-11-23 04:47:49',NULL,NULL),(28,6,197,'Laboriosam non sapiente harum quos aperiam. Inventore reprehenderit enim quia cupiditate. Cupiditate voluptatum dolorem facere.',75,NULL,'2019-03-26 18:03:26','2019-12-27 10:17:07','2021-01-27 04:24:39'),(29,20,42,'Tempore expedita nihil et occaecati magnam. Odit saepe rem quae facilis et ut sunt. Sapiente minima iusto at officia.\nUt iste alias sequi. Minus ',23,NULL,'2015-07-25 14:30:43','2018-06-12 04:40:02','2020-08-01 22:34:14'),(30,12,56,'Laudantium nulla illo ducimus velit quo vero. Ipsum quam commodi ex quidem natus doloribus. Repellendus id explicabo deleniti ex impedit tempore.',9,NULL,'2016-05-12 10:42:21',NULL,'2021-01-27 21:13:27'),(31,5,184,'Eveniet at rem occaecati. Magni autem id repudiandae id dolor aut. Porro nobis sunt labore repellendus est quia quo.\nNulla vel vel est ut adipisc',6,NULL,'2020-01-20 19:01:16',NULL,'2020-08-04 22:06:26'),(32,6,47,'Est est perspiciatis aut sed harum quod dolorum saepe. Soluta suscipit reprehenderit accusantium nihil voluptatem error. Rerum quo dolores eaque ',70,NULL,'2015-08-23 17:36:02','2020-03-11 04:57:30','2020-09-01 02:18:09'),(33,16,125,'Voluptatem quis aut incidunt error quos doloribus quos. Suscipit est et dolorem deserunt reiciendis. Ipsam fugit ea id dolor.',41,NULL,'2013-12-09 22:59:32','2016-05-25 05:07:31','2020-11-27 18:37:48'),(34,16,68,'Et omnis sit veritatis molestias nulla voluptate. Illum omnis placeat sed omnis provident vel. Consequatur voluptatum quis nostrum et nobis. Odio',73,NULL,'2014-05-23 17:40:04','2014-06-08 07:07:34','2020-06-10 21:17:11'),(35,16,166,'Quia nam inventore natus magnam sunt. Recusandae qui iusto soluta voluptatem illum totam. Placeat qui nobis provident quia.',31,NULL,'2019-04-06 01:48:24',NULL,'2021-02-21 14:30:21'),(36,10,110,'Recusandae ut tempore ipsum et illum doloremque ea. Sit animi culpa id voluptates voluptas sunt consequatur sunt. Consequatur et nulla similique ',9,NULL,'2015-02-07 13:37:23',NULL,'2020-06-10 04:40:56'),(37,18,96,'Maxime inventore dolorem rerum consequatur. Adipisci aut deserunt aperiam natus provident. Laborum labore voluptates rem dolores consequatur.',65,NULL,'2018-05-23 08:45:15',NULL,'2020-07-19 00:24:38'),(38,8,152,'Pariatur totam consequuntur temporibus porro et. Nam non est veritatis ipsa laudantium a iste. Occaecati blanditiis quia sit. Sint modi accusanti',63,NULL,'2013-04-10 17:56:49','2016-10-19 23:21:10','2020-07-15 22:40:57'),(39,3,150,'Dolores et error sequi ut quos sit architecto. Ut sequi delectus dolores cupiditate quia. Quia consequatur quam recusandae et consequatur sint qu',84,NULL,'2017-04-18 05:39:17',NULL,'2020-09-25 20:15:22'),(40,8,69,'Et aliquam velit ut ut earum. Architecto dolores non maxime. Et consequatur impedit et ut nihil voluptatibus laudantium.',12,NULL,'2016-06-14 12:23:51','2017-12-14 04:39:47','2020-11-26 03:09:15'),(41,9,116,'Et minima cupiditate impedit optio ut. Placeat quia rem est enim earum temporibus. Id aliquam exercitationem qui maiores. Accusamus corrupti earu',3,NULL,'2020-05-31 22:20:21',NULL,NULL),(42,11,169,'Eum ipsum quos fuga repellat. Quasi itaque dolor magnam est ut. Velit atque quaerat officiis suscipit libero.',27,NULL,'2020-02-08 07:10:15','2020-09-11 15:09:40','2020-03-22 01:17:49'),(43,4,124,'Inventore quia voluptas quis nemo temporibus. Reprehenderit est beatae qui. Minima et natus sunt voluptas et dolorem dolorum.',89,NULL,'2016-04-12 05:44:48','2019-04-25 22:50:26','2020-12-27 19:04:26'),(44,13,81,'Quod ut nihil soluta voluptatem ut quasi amet. Error eos ut ipsam dolor magnam. Molestias aut dolore molestias iste delectus. Unde vel blanditiis',23,NULL,'2013-05-13 01:58:43','2016-11-15 03:37:19','2020-05-13 23:17:04'),(45,7,35,'Consequatur libero veritatis iste ut. Minus et sit sint quod officiis suscipit a quia. Quidem quasi voluptate beatae consectetur ut. Cupiditate q',6,NULL,'2017-02-14 21:11:49',NULL,'2020-06-18 04:56:05'),(46,13,135,'Alias tempora quo eius maiores quia iure qui. Consequuntur at dolorum veniam voluptatem ea expedita ullam. Voluptatem voluptates omnis aliquam.',60,NULL,'2017-12-07 14:52:17',NULL,'2020-11-18 09:00:40'),(47,15,108,'Quaerat sapiente fuga assumenda sunt. Harum non hic quo rerum suscipit ducimus labore. Ad voluptatem qui odit voluptatum expedita error. Cum et e',8,NULL,'2015-03-07 17:01:14','2017-05-14 01:25:54','2020-06-19 08:30:12'),(48,8,187,'Est temporibus eos numquam nemo. Soluta laborum perspiciatis eos et officiis fugiat. Ut eaque cupiditate error quam et.',84,NULL,'2012-03-10 07:18:33','2013-06-10 23:58:52','2020-04-13 23:41:02'),(49,20,14,'Officiis numquam consequatur commodi aut dolores. Repellendus et odio assumenda hic tempora.',59,NULL,'2019-09-06 19:02:50',NULL,'2020-03-05 05:54:24'),(50,17,86,'Aut reprehenderit enim delectus ut ea molestiae sequi occaecati. Harum aspernatur voluptate nulla quidem unde et. Vel et perferendis sed aut quis',93,NULL,'2015-06-05 18:18:19','2018-01-03 15:19:29','2020-06-10 06:17:49'),(51,19,176,'Aliquid odio itaque odit dolorem. Dolor soluta vitae nihil iusto alias. Voluptas sit perspiciatis qui aliquid aut totam. Perferendis distinctio h',51,NULL,'2012-11-25 08:08:54','2015-12-03 02:05:47','2020-05-07 03:58:30'),(52,20,76,'Velit commodi in totam. Numquam architecto sed et perspiciatis sit eos non alias. Neque est aut odio. Ipsam dolorem et dolorem nemo.',35,NULL,'2015-10-31 00:10:04',NULL,'2020-11-19 15:12:05'),(53,5,115,'Corrupti dolores mollitia repellendus in a mollitia aut. Est voluptate et veniam est. Quas rerum aliquid voluptatem aut doloribus.',97,NULL,'2019-06-19 02:23:54','2020-06-02 01:54:11','2020-11-27 17:08:13'),(54,3,36,'Ab repellendus adipisci laudantium perferendis quod. Reiciendis voluptatem totam sit ut ut. Rem necessitatibus in magni omnis ut optio.',37,NULL,'2013-12-07 15:13:26','2017-03-28 00:40:34','2020-09-08 11:50:11'),(55,7,103,'Expedita iusto est pariatur. Possimus facere et assumenda rerum quos ut laboriosam asperiores. Non ut aut iusto quidem. Voluptas placeat commodi ',54,NULL,'2016-11-23 03:25:15',NULL,'2020-12-29 16:03:09'),(56,8,30,'Est deserunt quia praesentium omnis. Praesentium perferendis possimus qui eum veritatis natus. Tenetur quo aperiam voluptatum ullam sed cumque vo',22,NULL,'2018-09-25 06:46:42',NULL,'2020-10-13 11:55:01'),(57,20,174,'Occaecati est voluptatem delectus libero id. Ea ut deleniti ex rerum corrupti. Quam libero eos ut. Fugiat cupiditate nemo non.',76,NULL,'2013-08-01 10:53:45','2018-10-16 00:26:31','2020-10-15 12:39:04'),(58,2,47,'Voluptatum et sed sed repudiandae voluptatem voluptas nesciunt aut. Rerum quod delectus quia necessitatibus. Vero fuga impedit maiores est quia b',69,NULL,'2020-10-29 15:11:24',NULL,'2020-11-13 12:03:27'),(59,18,45,'Dolorem perspiciatis qui qui est veritatis repudiandae aut. Placeat et similique consequuntur culpa. Corrupti sunt et veritatis ipsam.',75,NULL,'2013-09-15 12:01:49','2013-12-20 05:50:31','2020-10-15 19:21:51'),(60,10,10,'Facilis temporibus ratione nostrum optio. Qui dolor et sit vero. Excepturi autem dolor culpa eaque aut quia. Rerum error sed recusandae.',18,NULL,'2018-11-23 15:36:41',NULL,'2020-09-02 10:57:55'),(61,8,197,'Voluptate repellendus quis optio quia repellendus similique sit. Facilis accusantium et eaque modi similique a molestiae. Rerum earum illum quia ',6,NULL,'2016-11-16 11:19:23','2020-03-16 22:24:17','2020-09-23 13:03:02'),(62,18,190,'Et labore dolores assumenda. Odit ut doloribus veritatis aut aperiam non. Delectus eos nemo magnam laudantium sunt tempora rerum possimus. Quam c',43,NULL,'2019-04-19 08:18:20',NULL,'2020-05-26 13:38:19'),(63,5,36,'Quisquam ut repudiandae est. Illum amet minus aut laudantium rerum culpa. Sed ex voluptas ab. Amet modi repellat consequatur rerum est est.',1,NULL,'2017-09-09 13:25:28',NULL,'2021-01-31 02:38:39'),(64,5,60,'Veniam repellendus odit facilis qui. Quo odio et facere ullam et et similique. Quia odit et saepe suscipit. Tenetur aut aut ullam expedita.',19,NULL,'2021-02-13 08:07:37',NULL,NULL),(65,12,128,'Omnis id provident ut culpa magni temporibus. Vel consequatur quia omnis id in. Pariatur fuga ea ab voluptatem. Deleniti et dolorem fugiat vero d',70,NULL,'2019-02-06 01:56:58',NULL,'2020-10-03 09:29:30'),(66,3,6,'Consequatur voluptatem qui vero quo aut est. Quisquam quo doloremque modi earum ullam. Omnis odit et dolorum odit quia sint quaerat.',84,NULL,'2011-10-22 15:01:12','2020-03-25 19:39:09','2020-04-09 20:02:57'),(67,7,3,'Et in voluptas reprehenderit delectus. Ratione aut pariatur cumque rerum et sint laboriosam. Ratione distinctio voluptas atque assumenda natus. V',71,NULL,'2017-05-28 05:29:07','2020-02-16 07:42:08','2021-02-22 08:58:15'),(68,2,15,'Velit illum aut officia et. Fugit facilis voluptatem unde molestias harum enim. Hic quos laboriosam totam facere atque nostrum. Reiciendis et rer',94,NULL,'2020-06-26 16:56:25',NULL,'2021-01-13 07:05:33'),(69,16,194,'Maxime dolorum atque et beatae quisquam aut esse. Et rerum rerum ratione voluptatem suscipit. Ullam explicabo voluptatem quo. Minus saepe dolorum',16,NULL,'2014-10-07 02:26:15','2016-01-26 12:57:06','2020-08-12 17:21:02'),(70,10,90,'Quae nemo architecto dolores sit sed odio vel. Praesentium et aut voluptatem quis aut pariatur omnis blanditiis. Earum aut doloremque qui saepe p',21,NULL,'2012-02-15 22:22:51','2014-03-18 03:18:16','2020-03-24 15:30:14'),(71,14,169,'Quia eum dolore quod est nisi non. Culpa ipsum exercitationem error ut. Mollitia nulla sed rerum voluptatem et quod tenetur. Vero repudiandae qui',19,NULL,'2018-12-17 09:57:45',NULL,'2021-02-14 17:27:02'),(72,15,149,'Eum dignissimos est qui quas voluptas facere omnis. Sit est ad facere pariatur distinctio ratione occaecati. Et totam dolor est esse non et. Dict',14,NULL,'2018-12-17 12:50:23',NULL,'2020-03-28 18:31:09'),(73,4,197,'Accusamus quidem quaerat nihil eum minus. Fugit totam minus quia adipisci cupiditate deserunt necessitatibus laudantium. Ad officiis hic veniam s',32,NULL,'2017-06-14 11:43:03',NULL,'2020-11-15 11:35:25'),(74,4,38,'Tempore rerum est iure hic voluptas. Consequatur qui beatae autem ducimus eveniet minus ut enim.\nAspernatur modi distinctio et cum. Omnis ipsam s',61,NULL,'2016-11-21 03:53:37',NULL,'2020-10-14 17:33:32'),(75,7,152,'Ut fuga blanditiis veniam accusamus enim ipsa in. Et optio laudantium esse doloribus veniam harum. Sed rerum ab provident placeat ut.',25,NULL,'2012-03-07 09:10:06','2016-09-09 15:18:04','2021-01-18 05:37:37'),(76,1,173,'Maxime et ab a officia voluptatem at rerum. Quasi qui quaerat eveniet ut dolore provident. Dicta nostrum molestias quo nobis. Occaecati rem rerum',27,NULL,'2019-05-28 22:54:26',NULL,'2020-12-07 12:53:32'),(77,18,36,'Nihil est eos et a rerum minus veniam. Molestiae quod omnis rem blanditiis eos est. Quam quas ut ad.',29,NULL,'2011-12-20 14:03:55','2015-07-07 09:05:49','2020-07-25 09:06:17'),(78,12,50,'Veritatis laborum sed omnis neque. Molestiae facere nobis aliquid.',36,NULL,'2011-06-07 02:27:54','2020-03-26 02:54:10','2020-07-23 16:44:37'),(79,11,200,'Provident cum pariatur enim delectus sed. Labore reprehenderit laborum officiis numquam. Aliquid aliquam ut voluptatem iure. Autem aperiam corpor',33,NULL,'2014-08-29 05:12:10',NULL,'2021-01-09 05:10:32'),(80,14,100,'Harum repellat maiores aut et aspernatur rerum esse. Eos veritatis nihil eaque eveniet quo quia aut.',78,NULL,'2015-10-22 15:03:06',NULL,'2020-09-04 09:16:28'),(81,18,36,'Optio occaecati et dignissimos quis quidem autem. Rerum necessitatibus minus aut deleniti et eligendi. Delectus iusto quo et quisquam.',62,NULL,'2018-12-18 18:07:22',NULL,'2020-09-28 08:17:48'),(82,1,181,'Velit architecto fugiat quis et expedita a est dolorum. Aut et aut quia consequatur aperiam repudiandae. Et sint nobis cumque delectus voluptatem',36,NULL,'2017-08-30 07:26:52',NULL,'2020-11-08 19:19:44'),(83,4,13,'Qui voluptas sapiente unde quidem. Est corporis eum sint rem harum et. Voluptatem ut est blanditiis vitae maxime ut quibusdam sunt. Quo sit et ma',35,NULL,'2015-01-20 13:45:41','2019-04-01 09:45:39','2020-08-17 23:27:49'),(84,10,44,'Minus inventore quaerat incidunt in. Consectetur dolore harum quam laborum impedit debitis eius. Voluptatum dolorem quod quos ullam.',54,NULL,'2018-04-18 10:41:12',NULL,'2020-03-27 06:48:20'),(85,2,112,'Qui repellendus beatae corrupti illum id laudantium error. Minima ut occaecati est autem quia. Autem est occaecati laboriosam sequi incidunt.',29,NULL,'2012-03-08 02:02:01','2016-12-15 11:56:33','2020-05-11 23:51:01'),(86,7,118,'Qui quia qui vero ipsum. Nemo earum voluptatem voluptas est. Earum sit eum vitae aspernatur blanditiis nesciunt voluptatum dicta.',15,NULL,'2016-07-15 12:26:19','2021-03-01 00:28:17','2020-12-18 21:32:29'),(87,13,92,'Asperiores et et sed iure dicta ad ut. Illo itaque possimus occaecati distinctio rem. Voluptas aliquid eum blanditiis. Doloribus eum numquam labo',33,NULL,'2018-10-06 00:07:23','2019-01-06 15:39:06','2020-12-01 20:21:41'),(88,18,5,'Aut voluptatem voluptatem nulla explicabo exercitationem et reprehenderit. Ad deserunt ea doloremque fuga provident praesentium neque. Numquam sa',58,NULL,'2011-11-28 21:15:38',NULL,'2020-08-11 02:29:16'),(89,5,106,'Sapiente dolores aperiam voluptas in numquam vitae dolor. Architecto et quasi molestiae eos corrupti. Maiores voluptatum alias nostrum praesentiu',58,NULL,'2012-01-23 04:18:06','2017-10-11 21:42:41','2020-06-13 17:06:04'),(90,12,38,'Non quos qui rerum. Quam aut voluptatem iure similique perferendis distinctio quia. Voluptatem dignissimos itaque tempore aut nesciunt labore aut',8,NULL,'2017-04-11 01:02:20',NULL,'2020-07-29 06:35:21'),(91,7,10,'Qui et voluptatum enim sunt modi eum eum. Distinctio eum inventore quia atque rem. Aperiam aut ullam asperiores. Sint eius rerum dicta animi fugi',25,NULL,'2017-02-12 10:27:59',NULL,'2020-10-30 13:36:41'),(92,19,18,'Eius sed aut nulla nisi dolorem eos alias enim. Et iure quaerat molestias voluptatem corrupti. Impedit iste magni sit molestiae quasi dolorum. Co',16,NULL,'2013-12-21 20:06:20',NULL,'2021-01-27 19:34:08'),(93,7,53,'Voluptatem voluptatem ipsa quia dicta. Libero dolores nihil eveniet qui. Dolore officiis et totam qui. Aliquam delectus quia architecto maxime ea',22,NULL,'2012-09-23 23:23:48','2015-04-15 23:47:19','2020-03-17 08:47:08'),(94,13,150,'Excepturi ipsa quaerat aspernatur sed. Mollitia qui quo dolor temporibus nostrum praesentium nulla nihil. Et ratione quia aut rerum soluta rerum ',44,NULL,'2013-09-08 01:39:33','2018-11-07 05:43:53','2020-09-19 15:48:39'),(95,4,168,'Dolorem explicabo et sed quibusdam dolorem excepturi hic. Molestiae nobis beatae repudiandae facilis dolorem. Aspernatur quisquam eligendi est nu',100,NULL,'2017-03-28 17:15:09',NULL,'2020-05-05 20:19:22'),(96,10,35,'Incidunt autem id quas amet. Qui quo blanditiis labore velit deserunt. Fugit dignissimos placeat tempora et.',59,NULL,'2013-09-10 08:26:23','2018-01-24 16:06:23','2020-05-21 18:21:34'),(97,13,156,'Accusamus beatae perspiciatis cumque dolor. Iure vel repellat et voluptas. Totam et aut mollitia et quod.',4,NULL,'2013-06-24 03:57:30','2018-03-08 11:40:54','2020-11-24 12:48:12'),(98,19,133,'Ipsa cumque maxime et minus qui. Sunt vel est sed et sed doloribus ipsum amet. Minus aut vel nisi magnam facere similique.',7,NULL,'2019-01-25 20:51:12',NULL,'2021-02-19 23:56:15'),(99,11,181,'Aut temporibus et voluptatem animi consequatur nulla debitis hic. Alias sequi est fuga a. Doloribus ipsam dolor rem doloribus quasi. Odio quae te',60,NULL,'2017-09-12 18:55:32',NULL,'2021-01-09 00:30:57'),(100,2,94,'Aut ut rem culpa sequi. Sint facere qui excepturi dolorem explicabo. Illum accusantium commodi sequi eaque praesentium fugit totam. Eius molestia',78,NULL,'2016-01-06 03:40:58','2017-07-25 15:26:59','2020-06-23 19:17:25');
/*!40000 ALTER TABLE `post` ENABLE KEYS */;
UNLOCK TABLES;

--
-- Table structure for table `product`
--

DROP TABLE IF EXISTS `product`;
/*!40101 SET @saved_cs_client     = @@character_set_client */;
/*!50503 SET character_set_client = utf8mb4 */;
CREATE TABLE `product` (
  `id` int unsigned NOT NULL AUTO_INCREMENT,
  `name` varchar(45) DEFAULT NULL,
  `catalog_id` int unsigned NOT NULL,
  PRIMARY KEY (`id`),
  UNIQUE KEY `id_UNIQUE` (`id`)
) ENGINE=InnoDB AUTO_INCREMENT=16 DEFAULT CHARSET=utf8mb4 COLLATE=utf8mb4_0900_ai_ci;
/*!40101 SET character_set_client = @saved_cs_client */;

--
-- Dumping data for table `product`
--

LOCK TABLES `product` WRITE;
/*!40000 ALTER TABLE `product` DISABLE KEYS */;
INSERT INTO `product` VALUES (1,'Phone',3),(2,'Car',2),(3,'Cat',1),(4,'control panel',3),(5,'motorcycle',2),(6,'dog',1),(7,'blabla',1),(13,'fdfd',2),(14,'dfdf',3),(15,'3434',2);
/*!40000 ALTER TABLE `product` ENABLE KEYS */;
UNLOCK TABLES;

--
-- Table structure for table `profile`
--

DROP TABLE IF EXISTS `profile`;
/*!40101 SET @saved_cs_client     = @@character_set_client */;
/*!50503 SET character_set_client = utf8mb4 */;
CREATE TABLE `profile` (
  `user_id` int unsigned NOT NULL,
  `firstname` varchar(245) CHARACTER SET utf8mb4 COLLATE utf8mb4_unicode_ci NOT NULL,
  `lastname` varchar(245) CHARACTER SET utf8mb4 COLLATE utf8mb4_unicode_ci NOT NULL,
  `birthday` date NOT NULL,
  `gender` enum('m','f','x') CHARACTER SET utf8mb4 COLLATE utf8mb4_unicode_ci NOT NULL,
  `address` varchar(245) CHARACTER SET utf8mb4 COLLATE utf8mb4_unicode_ci DEFAULT NULL,
  `media_id` int unsigned DEFAULT NULL,
  PRIMARY KEY (`user_id`),
  KEY `fk_profile_media1_idx` (`media_id`),
  CONSTRAINT `fk_profile_media1` FOREIGN KEY (`media_id`) REFERENCES `media` (`id`),
  CONSTRAINT `fk_profile_user` FOREIGN KEY (`user_id`) REFERENCES `user` (`id`)
) ENGINE=InnoDB DEFAULT CHARSET=utf8mb4 COLLATE=utf8mb4_unicode_ci;
/*!40101 SET character_set_client = @saved_cs_client */;

--
-- Dumping data for table `profile`
--

LOCK TABLES `profile` WRITE;
/*!40000 ALTER TABLE `profile` DISABLE KEYS */;
INSERT INTO `profile` VALUES (2,'Karine','Braun','2019-07-15','m','7931 Everette Prairie\nSouth Michealfort, IL 49220',85),(6,'Benny','Brakus','2011-12-13','m','6264 Brielle Springs\nLake Velda, WY 84979-2609',51),(7,'Edward','Yost','2016-12-06','f','262 Antoinette Island Suite 921\nAliyashire, WY 67106-3146',NULL),(8,'Shayna','Hayes','2016-04-25','m','20792 Murphy Summit\nGrantbury, OR 29278',26),(14,'Einar','Mraz','2014-09-13','m','24931 Verlie Plains\nLonniemouth, NJ 44889',74),(17,'Rubie','Lehner','2011-12-09','f','9649 Borer Squares\nLittleshire, ND 82648-6539',NULL),(18,'Laurel','Brekke','2019-01-31','f','126 Guadalupe Station Suite 538\nBaumbachtown, OK 29078',85),(22,'Ruben','Schinner','2019-07-22','f','85278 Brody Hill\nHomenickbury, KS 26951-5636',25),(27,'Daija','Kulas','2017-03-22','f','4681 Maci Forks Suite 886\nEast Nicolaschester, NH 12756-9716',NULL),(29,'Clementina','Wyman','2016-12-28','m','1744 Johns Harbors\nJoyberg, AR 22559-7582',NULL),(31,'Bradley','Jacobi','2014-02-14','m','0885 Rohan Mountain\nZeldabury, CT 78369',NULL),(36,'Florian','Schinner','2015-12-03','f','7634 Kohler Trafficway\nSantinohaven, AR 65713-3335',47),(40,'Jadyn','Quigley','2012-05-21','m','568 Phyllis Mountain Suite 328\nSouth Eleanora, KY 05793-5850',22),(44,'Jaqueline','O\'Hara','2016-07-21','m','74129 Asa Village\nAufderharmouth, WY 82158-1154',26),(48,'Donnell','Barton','2012-11-17','m','43343 Tony Orchard\nLake Ed, NE 98128',27),(49,'Yessenia','Skiles','2013-10-18','m','0093 Webster Villages\nAaliyahstad, VA 71925',NULL),(55,'Tomasa','Romaguera','2018-04-02','f','38982 Turner Trace\nLake Orastad, NH 82596-2740',NULL),(57,'Aniya','Tillman','2018-10-20','m','73079 Dietrich Summit Apt. 904\nVonRuedentown, HI 75730',NULL),(58,'Genevieve','Schmitt','2019-10-04','f','880 Altenwerth Islands Apt. 171\nGoyetteberg, VA 15527',44),(61,'Colleen','Weimann','2020-02-05','m','13440 Ritchie Locks Apt. 500\nMasonmouth, PA 87662',NULL),(63,'Uriah','Aufderhar','2020-10-20','f','099 Stuart Ferry Apt. 275\nNew Issac, OH 19603',NULL),(67,'Kaylah','Sawayn','2019-10-25','m','83562 Laila Loop\nSouth Mikaylaberg, NJ 78493-4243',NULL),(72,'Derick','Will','2018-02-05','f','56100 Walter Lodge\nLake Terrill, IA 50944-9300',51),(73,'Kacey','Streich','2020-01-05','m','0786 Smith Field Suite 615\nWest Shyanne, UT 21357-3431',NULL),(75,'Deanna','Cremin','2013-05-17','f','94433 Lueilwitz Common\nLinwoodport, TN 22757',NULL),(76,'Haskell','Kihn','2013-04-30','m','0631 Lola Junction Suite 101\nKuvalisfort, MS 36718',95),(77,'Rowena','Harris','2017-06-16','m','0398 Krajcik Drive Apt. 262\nOmarimouth, MD 17567-1832',NULL),(78,'Dejon','Sipes','2013-06-28','m','597 Christ Lakes\nJohannmouth, AL 40519',47),(80,'Geovanni','Morissette','2014-01-11','f','520 Dion Plain\nEast Adolf, NY 00412-7981',2),(81,'Graciela','Shields','2019-08-31','f','17959 Belle Orchard Apt. 339\nWolfftown, DE 72178-5937',NULL),(83,'Dawson','Willms','2015-09-01','m','736 Donald Prairie\nNew Vivienne, IL 73404',NULL),(87,'Giovanni','McCullough','2019-09-04','f','479 Marquise Parkways\nNew Tanyabury, SC 29887-3703',NULL),(88,'Piper','Batz','2012-11-04','m','0077 Lockman Crossing Suite 957\nArmanishire, IN 24420-4338',2),(89,'Gunnar','Waelchi','2014-10-08','f','0324 Casimir Fords\nLefflerchester, GA 42551-9424',NULL),(91,'Adalberto','Schmitt','2013-01-06','f','52707 Monahan Flat\nHansshire, TN 10994-3053',NULL),(92,'Sophia','Schimmel','2016-02-20','f','4579 Natalia Valley\nCrystalfort, CA 73955-1851',82),(94,'Meagan','Mayer','2014-07-15','f','49525 Delfina Port\nOtisland, SD 99826-9040',77),(95,'Aurore','Prosacco','2011-11-28','m','06105 Nayeli Manors\nYesseniaville, MT 08099-3234',NULL),(96,'Daren','Beatty','2019-01-17','m','80685 Newton Mountains\nWest Luciano, MO 23537',72),(108,'Angie','Marquardt','2012-06-26','m','223 Augustine Villages\nNorth Augustfurt, LA 99485-0950',74),(110,'Lacy','Barrows','2014-08-22','f','916 Konopelski Loop Suite 274\nZionport, VT 88023',100),(112,'Syble','Abbott','2019-12-17','m','3814 Bianka Walks\nGoldenport, MA 85070-7551',19),(114,'Cindy','Becker','2020-12-18','m','24910 Lueilwitz Roads Suite 373\nKirlinshire, OH 41766',68),(120,'Darwin','Haag','2014-01-09','m','09393 Therese Crossroad Apt. 557\nNew Cortneybury, OR 49162-6406',95),(123,'Gregorio','Conn','2019-11-23','f','94023 Watsica Bypass Suite 159\nNorth Elsie, OK 45372-9418',NULL),(124,'Lowell','Jones','2015-04-10','f','925 Augustine Lodge\nPort Maryjane, KY 60098',98),(125,'Otilia','Upton','2015-11-14','f','41487 Murray Passage\nNew Paul, FL 77224-9140',NULL),(126,'Jennyfer','Armstrong','2018-12-15','m','5229 Windler Parkways Apt. 604\nThielton, ME 11874-1665',13),(129,'Edmond','Dibbert','2019-12-29','m','11893 Jermain Points Suite 042\nWest Aaronport, CT 74550',NULL),(136,'Ansel','Lueilwitz','2013-03-27','m','1417 Amya Ports Apt. 326\nEast Alvenafurt, WY 50821-3782',15),(138,'Oma','Rosenbaum','2019-04-03','f','48244 Lexie Meadow\nWest Shaniafurt, NE 13467-5698',12),(139,'Allie','Haley','2011-03-23','f','590 Austen Forge\nTrentonborough, MA 19255',NULL),(141,'Brycen','Nolan','2020-09-23','m','78239 Bernhard Meadow Apt. 004\nArnulfoberg, IA 50994-7958',NULL),(143,'Clarissa','Wehner','2019-02-14','f','69702 Moen Neck Suite 601\nLake Leraburgh, SC 81175',NULL),(144,'Dina','Nikolaus','2017-02-18','m','760 Farrell Lane\nCadenmouth, DC 03656-0145',26),(145,'Eunice','Turcotte','2011-12-04','m','3607 Marvin Ville\nLake Filibertoburgh, TN 94618-4976',NULL),(146,'Manuela','Kovacek','2013-07-30','f','9021 Nat Port\nSouth Sylvester, SD 43144',53),(150,'Clifton','Dickens','2013-05-10','f','4818 Colleen Extensions Suite 405\nAnjalifort, VT 40911-7318',45),(152,'Wyatt','Gusikowski','2019-07-03','f','05289 Vicenta Fort\nRauside, MO 66989-8603',35),(155,'Brent','Hagenes','2018-12-30','m','62917 Weldon Road Apt. 475\nGibsonberg, NC 52508-4126',NULL),(163,'Zita','Cummerata','2012-05-09','m','177 Bahringer Shoal Apt. 751\nJalynberg, MN 31629-8866',NULL),(164,'Gerson','Marks','2015-06-06','f','3582 Green Parks\nZemlakview, MI 35273-3912',94),(166,'Jerry','Flatley','2011-07-17','f','74182 Vivian Court\nOfeliaton, HI 81442',23),(169,'Virgie','Schaefer','2016-01-26','f','332 Montana Hills\nKeeleyview, KY 87391',NULL),(170,'Betty','Medhurst','2014-06-27','f','10070 Leuschke Underpass Suite 806\nNew Brianne, ND 09805',32),(175,'Samara','Parisian','2015-09-18','f','336 Beatty Port Suite 411\nSouth Denaville, MS 85417-1831',NULL),(177,'Trenton','Rau','2011-04-07','f','3567 Roberto Divide Apt. 140\nEast Deshawn, MN 00260-4782',NULL),(178,'Esteban','Bartoletti','2011-05-29','m','879 Keegan Plaza Apt. 244\nLake Dean, IA 87731',29),(179,'Davonte','Swaniawski','2011-03-05','f','679 Boyle Summit Apt. 782\nPort Domingochester, NV 12517-2893',NULL),(180,'Gerald','Schaefer','2021-02-21','f','174 White Tunnel\nEast Ludietown, NJ 94332-1386',74),(181,'Albin','Kuphal','2020-06-16','f','40078 Pouros Loop\nCasandraville, MO 05253-6942',NULL),(182,'Emory','Heller','2014-02-18','f','72730 Larkin Club Apt. 642\nEast Leolaport, WA 67770-6029',25),(183,'Aniya','Nienow','2016-06-30','f','695 Guadalupe Rapids\nNew Wallace, NC 68917',NULL),(184,'Isaac','Ortiz','2011-11-17','f','0472 Pansy Villages\nSchaeferstad, MN 59323-1457',23),(185,'Orlo','Schultz','2013-10-08','m','825 Ernestine Square Apt. 172\nNew Ryleybury, OH 20743-5756',NULL),(187,'Halie','Marvin','2012-04-09','f','97309 Senger Meadows Suite 181\nKshlerinborough, NJ 28672',NULL),(191,'Ellie','Kutch','2019-05-24','m','205 Jeffrey Parkways\nFeestbury, TX 13657',NULL),(193,'Treva','Sipes','2016-08-27','m','935 Mafalda Estate Suite 061\nLake Chadd, GA 42703',NULL),(194,'Everett','Doyle','2015-12-06','m','454 Foster Coves Apt. 054\nWillside, OH 07645-8538',86),(196,'Lyla','Shields','2018-04-06','f','427 Blick Isle Suite 668\nMaxwellfurt, CA 61226',88);
/*!40000 ALTER TABLE `profile` ENABLE KEYS */;
UNLOCK TABLES;

--
-- Table structure for table `sample`
--

DROP TABLE IF EXISTS `sample`;
/*!40101 SET @saved_cs_client     = @@character_set_client */;
/*!50503 SET character_set_client = utf8mb4 */;
CREATE TABLE `sample` (
  `id` int unsigned NOT NULL AUTO_INCREMENT,
  `user` varchar(45) NOT NULL,
  PRIMARY KEY (`id`)
) ENGINE=InnoDB AUTO_INCREMENT=3 DEFAULT CHARSET=utf8mb4 COLLATE=utf8mb4_0900_ai_ci;
/*!40101 SET character_set_client = @saved_cs_client */;

--
-- Dumping data for table `sample`
--

LOCK TABLES `sample` WRITE;
/*!40000 ALTER TABLE `sample` DISABLE KEYS */;
INSERT INTO `sample` VALUES (1,'Alex'),(2,'Anna');
/*!40000 ALTER TABLE `sample` ENABLE KEYS */;
UNLOCK TABLES;

--
-- Table structure for table `shop`
--

DROP TABLE IF EXISTS `shop`;
/*!40101 SET @saved_cs_client     = @@character_set_client */;
/*!50503 SET character_set_client = utf8mb4 */;
CREATE TABLE `shop` (
  `id` int unsigned NOT NULL AUTO_INCREMENT,
  `user` varchar(45) NOT NULL,
  PRIMARY KEY (`id`)
) ENGINE=InnoDB AUTO_INCREMENT=3 DEFAULT CHARSET=utf8mb4 COLLATE=utf8mb4_0900_ai_ci;
/*!40101 SET character_set_client = @saved_cs_client */;

--
-- Dumping data for table `shop`
--

LOCK TABLES `shop` WRITE;
/*!40000 ALTER TABLE `shop` DISABLE KEYS */;
/*!40000 ALTER TABLE `shop` ENABLE KEYS */;
UNLOCK TABLES;

--
-- Table structure for table `user`
--

DROP TABLE IF EXISTS `user`;
/*!40101 SET @saved_cs_client     = @@character_set_client */;
/*!50503 SET character_set_client = utf8mb4 */;
CREATE TABLE `user` (
  `id` int unsigned NOT NULL AUTO_INCREMENT,
  `email` varchar(145) CHARACTER SET utf8mb4 COLLATE utf8mb4_unicode_ci NOT NULL,
  `phone` bigint NOT NULL COMMENT '79009009090',
  `password_hash` char(65) CHARACTER SET utf8mb4 COLLATE utf8mb4_unicode_ci DEFAULT NULL,
  `created_at` datetime NOT NULL DEFAULT CURRENT_TIMESTAMP,
  `updated_at` datetime DEFAULT NULL,
  `deleted_at` datetime DEFAULT NULL,
  PRIMARY KEY (`id`),
  UNIQUE KEY `id_UNIQUE` (`id`)
) ENGINE=InnoDB AUTO_INCREMENT=2023 DEFAULT CHARSET=utf8mb4 COLLATE=utf8mb4_unicode_ci;
/*!40101 SET character_set_client = @saved_cs_client */;

--
-- Dumping data for table `user`
--

LOCK TABLES `user` WRITE;
/*!40000 ALTER TABLE `user` DISABLE KEYS */;
INSERT INTO `user` VALUES (1,'upaucek@example.net',36138839479,'4975893d020fbfd6e8044ff6cc17d0eef7e6f366','1998-02-01 11:19:23',NULL,NULL),(2,'feeney.carlie@example.org',35378361793,'61b9ac1f97f79396096d963fe4c2d7a8f9fe4987','2018-08-16 19:22:26',NULL,NULL),(3,'iwehner@example.com',36604260910,'dc94e844c9a012958d11cca53c267980a0b4c1c6','2018-08-04 14:58:50',NULL,NULL),(4,'angeline40@example.net',37577382981,'30cfe5e69e06559d3cda89bab9d16df4e10b6ea8','2018-08-01 07:11:19',NULL,NULL),(5,'juston.koepp@example.org',36306879708,'df7c78bf8e8e3058c5e2da81f0e30142d386e5f0','1990-11-15 04:34:20',NULL,NULL),(6,'mayert.anne@example.com',37370340978,'d833cc742ba5289845d80bf3276652b82efc7b49','2013-07-22 20:47:34',NULL,NULL),(7,'hudson.korbin@example.org',36071543170,'7e4019bf86779969458bb6a7a816b326bdc2f107','2006-05-09 08:23:11',NULL,NULL),(8,'zemlak.clare@example.net',35881516559,'dd4965c749b008490a672287c03e7ae0e2c93e17','2005-07-22 03:27:23',NULL,NULL),(9,'darion99@example.net',37175147168,'ac4d06a9f6147e21cd2c84b99949c4592c889430','2006-11-16 03:21:46',NULL,NULL),(10,'opal.altenwerth@example.com',38866301950,'c0c04f1c161b53bb3804dacb0eb78d684a4cc21c','1987-10-24 17:13:58',NULL,NULL),(11,'reilly.meghan@example.net',35094500923,'cdb7095e5b60d58290be1200b4a2d61a377851ae','1972-07-08 12:51:07',NULL,NULL),(12,'johnathon.kessler@example.org',37275331638,'eedb9fdd6c8fbee5e30fb3ff60ce894f9cf66480','1977-06-25 04:19:26',NULL,NULL),(13,'powlowski.janessa@example.org',37105593018,'40e4cee8abc1b9f318518d47a80d320dd09c1954','2014-10-27 06:35:51',NULL,NULL),(14,'marietta.muller@example.net',38963292770,'7e0faa5aaa6729eb3c95d2fa8723deeaf36100cc','1998-02-20 09:24:44',NULL,NULL),(15,'rachel03@example.com',37946365699,'78f5dd28fdfbeb47973a1546a36e0e04f38f84f4','2000-11-29 20:44:34',NULL,NULL),(16,'myles.jenkins@example.net',37702029854,'a43b41e65ea0f6a7c30c31f33d1ac3232f62f6a4','2003-03-18 00:01:54',NULL,NULL),(17,'reinger.leif@example.com',35273888066,'93a9d475dc20220c33bf71e3a531c737605bd4ee','2006-12-03 18:03:37',NULL,NULL),(18,'morissette.aaliyah@example.net',38419653762,'fa89ed004555b11b9892be3ad29046010ee2e5ce','2011-03-09 16:10:39',NULL,NULL),(19,'llockman@example.net',38335880819,'a00b5959f5825054fd9bfe77a16f415eeee01d20','2008-02-17 18:41:27',NULL,NULL),(20,'kerluke.toby@example.net',38508629996,'70a7cb36a5ea686995b1752b45a27a6b1b67aca0','2014-08-20 00:22:03',NULL,NULL),(21,'kkovacek@example.org',37396614070,'aa31bd81b86da7b9f4c81120b6410cc15397987d','2008-05-15 18:56:58',NULL,NULL),(22,'stracke.maximus@example.org',36261570779,'8775fde2d20846316d27a9f7dbe8098601acda06','1974-01-09 06:17:08',NULL,NULL),(23,'mireille.prohaska@example.com',37205002153,'20891c318d05b541c4916e9db0ead5dac65e6e0c','2010-04-06 02:59:44',NULL,NULL),(24,'jennifer.sporer@example.org',35418952096,'fec8903103c81ffb3c7ae4ccbe0aeca160d601e1','1978-03-30 04:10:01',NULL,NULL),(25,'vfisher@example.net',37625872457,'db469e22327626fdefc6bb49de24f7d55f2d6269','2008-01-04 10:35:22',NULL,NULL),(26,'drussel@example.com',36848681485,'c59b4c4e81d2097f78a1f838714e576ccf0cb363','1978-04-19 17:44:55',NULL,NULL),(27,'blowe@example.com',35235342105,'3d1eca2d2ced8d7df723d76c5e30404d91050373','2015-11-29 18:04:19',NULL,NULL),(28,'howell64@example.net',37666954662,'91c1b57d9867b78a7c5b69b729a69d5a17b00f8d','2009-06-11 07:58:43',NULL,NULL),(29,'jovany78@example.org',36247512247,'00adc87059c78272f90234dc1226cef03724c5da','1981-12-05 02:02:02',NULL,NULL),(30,'elva02@example.net',37245426395,'08f5674ebc1e766068c7116e5701ef1cacf65a35','1983-12-27 13:36:02',NULL,NULL),(31,'howell.elias@example.org',37768626976,'8308ec68f0172e258fe35901e4200cb3894ac85c','1986-09-17 12:52:56',NULL,NULL),(32,'cathryn.schiller@example.net',37125975316,'6d9489daa8abf5ef086ea6dfad69d422c8126c09','1992-07-02 20:54:45',NULL,NULL),(33,'octavia95@example.org',35300345361,'25456d15cba2b09f0ee1e4fc696894ae94b7263d','2009-04-09 03:19:30',NULL,NULL),(34,'colten07@example.com',37446985615,'94d5838e10f130cf77cacad2caad7711a138d90e','1984-06-23 08:24:52',NULL,NULL),(35,'yparker@example.com',38637339662,'b66b59784e9779fae9ada11d0a7ddec732f33b2f','1970-10-25 05:45:25',NULL,NULL),(36,'dakota38@example.net',37275828978,'f5f7cf566991e83ab4e529facbeca6b6e9a68a2f','2002-12-17 13:26:59',NULL,NULL),(37,'barrows.wilfred@example.net',35575038472,'e6e929e342470d6883d9218f0e5c0ae9f80c2101','1994-09-19 08:20:52',NULL,NULL),(38,'ada30@example.net',38773416765,'474d04424b963240b08ec054ddeb14960c8934e9','2015-12-04 15:36:21',NULL,NULL),(39,'jovanny91@example.net',37936593439,'13fa9b74da20f85972cb34631c4fffc90e5d7fa2','1982-12-11 06:20:03',NULL,NULL),(40,'kyla34@example.net',38238687286,'072427ad096d149b86d18e319c8d5056c2318ca0','1994-03-13 20:04:03',NULL,NULL),(41,'mann.alexys@example.org',37496213339,'4222f72e4c296a31c568454755517a645f2747ed','1975-10-26 22:35:08',NULL,NULL),(42,'marilou25@example.net',36852367358,'4cf5fa5c062c8cfc6f4f572973d80b1622f67ec7','2018-03-22 17:17:27',NULL,NULL),(43,'goldner.valentina@example.org',38870611889,'d918f4c67fe44d2d449e6a31e2ada88ae0b87b28','1971-10-20 11:15:20',NULL,NULL),(44,'ruthie.durgan@example.org',36556433863,'e93e6faffd247cea2206db38cdd4295085201b7e','2018-08-01 18:10:20',NULL,NULL),(45,'macejkovic.leland@example.org',37840242557,'f67a92c6f297bd50db853a36b4daeac93ac76c3e','2007-08-29 11:56:58',NULL,NULL),(46,'keaton.schaden@example.net',37541377762,'2d8c2ca05ba0deae6827e29d6c744b33e92af5cd','1974-04-08 19:58:33',NULL,NULL),(47,'wiza.karine@example.com',35967904623,'559e50fd83604a5e474fb9665afccde8df64127c','1996-02-12 22:54:44',NULL,NULL),(48,'clare05@example.org',36735661977,'40de616d17e79f8f8b706ebce9242b697001e5fa','2018-12-06 13:58:08',NULL,NULL),(49,'xvandervort@example.net',35786672396,'969ef7227dfcebd78425fe1681a84e5b157e258e','1985-09-08 06:36:05',NULL,NULL),(50,'marty29@example.net',37377766221,'f8d6ce44e35ce6dec86c4ef27c012b5a20a35ef6','1971-09-22 20:10:49',NULL,NULL),(51,'cassin.levi@example.org',35607758836,'d39a9f51d5eff7e36bb7363a87d3c12e431d2e92','2007-05-07 23:39:18',NULL,NULL),(52,'leslie39@example.com',35590320404,'f1c550c2eb83dd4373e69447ec3107cdd3753b37','1987-08-01 13:13:35',NULL,NULL),(53,'prohaska.reta@example.com',36424607191,'defab073bcefd078c8956e7565dc4036e1f21305','2008-05-20 13:54:12',NULL,NULL),(54,'ruthe37@example.com',38241368062,'88f43d58cf02c5d9fba4cb82503812640cb1cb7e','1976-10-06 01:06:55',NULL,NULL),(55,'jeffrey.walter@example.org',38885776383,'1f1b31f7a53e9a0819ce6bc92646a94cd7d8147d','1982-04-25 23:54:00',NULL,NULL),(56,'bernhard.camden@example.org',36178007509,'ca4be1134121557b567fc501f130e8229a7a8623','2009-05-23 10:43:37',NULL,NULL),(57,'xziemann@example.org',38390119900,'6014e13aa7247dc8b846a0239946fab569168ffd','2017-01-13 21:34:44',NULL,NULL),(58,'hudson.willard@example.org',38316919397,'313bfc5d5494d9c12c696d0a65a63c400582225e','2020-06-15 08:24:28',NULL,NULL),(59,'nsenger@example.org',35844628332,'207bfce3e73bd0e4d5954667927c630c8686d52d','1982-09-14 07:20:10',NULL,NULL),(60,'shana22@example.com',37639862282,'07750a422975ff1ae613a55466b2ef3c92eae076','1985-03-09 14:21:18',NULL,NULL),(61,'ncole@example.net',37683470385,'99e23eaca56731e003cbdbbaa2da9f1ec24ec0a6','2004-05-20 10:02:05',NULL,NULL),(62,'lehner.trystan@example.org',37756428858,'f3eebe35a517dfa4821f8fa5160863ad26a4d9e8','1991-06-06 07:16:33',NULL,NULL),(63,'mertz.camron@example.net',38872314371,'1eb41a03059de35571c35ec286fd4403961662e8','2010-09-21 17:20:51',NULL,NULL),(64,'pbayer@example.com',35260711636,'50bde96be25e914ff1e47050c00809ac665c38cc','1989-02-20 05:14:45',NULL,NULL),(65,'ortiz.raphaelle@example.com',37925291093,'730a580b6a6c84038426bd920187eba205e05879','2018-03-01 01:16:29',NULL,NULL),(66,'mekhi.lindgren@example.org',36833898071,'0b197ff9a39f3d47e9a7dd4d6813cf7422b416e4','1983-06-01 19:55:57',NULL,NULL),(67,'jhoppe@example.net',37296351432,'7d97f480c61c9f7713e0fa35d945d6dfb152a8a4','2009-10-30 03:15:17',NULL,NULL),(68,'kayden84@example.org',36974996807,'9f552ed81b1c459e4dcb8efd524763c42a879973','1976-11-30 03:23:55',NULL,NULL),(69,'nigel.bartoletti@example.com',38462926317,'ae2933bb1df8b8cd4f3b8b03d35f6009b1d5a292','2016-06-12 18:58:16',NULL,NULL),(70,'sbogan@example.net',35620940057,'eca781d783f8e1d29f7b1391534aa7151aaa4548','2011-04-07 16:25:08',NULL,NULL),(71,'padberg.adrienne@example.org',37073692386,'dea7154c3a17d8dda32002cf6472243c5ffb84b5','2000-03-24 15:16:08',NULL,NULL),(72,'adell.botsford@example.com',35601575177,'bcbd62bad1f1603de9fc7bead79b2934c5908400','2018-08-04 04:29:37',NULL,NULL),(73,'heaven46@example.net',36453160040,'6ffe739c75a6f9e93c681df052265cde202a5e3e','1973-07-29 14:54:47',NULL,NULL),(74,'sonia.eichmann@example.com',37263698183,'79f70d0b98ed96c881467537bb9464810ba36990','1985-09-21 09:38:46',NULL,NULL),(75,'conroy.emanuel@example.net',38717264264,'31586c36a2a9c207c377dc50d20e204827856138','2018-08-30 13:44:21',NULL,NULL),(76,'melba.skiles@example.com',35358322860,'dbaa828aedd2077cba8919c83dfc86ed5b190c21','1989-03-25 17:57:45',NULL,NULL),(77,'zroberts@example.net',35210240745,'ff765852d97a23ab080e9f964cba6e18dd7df462','1977-12-09 15:55:14',NULL,NULL),(78,'predovic.penelope@example.net',37959186669,'d03c9d42d9db8af16b1b116ce64007ab4bf708e3','1986-11-03 14:04:57',NULL,NULL),(79,'funk.dahlia@example.net',38606279226,'6de4472e3defb26fbf52c11d7421fede06a7c3c2','1985-10-13 20:13:05',NULL,NULL),(80,'cayla.satterfield@example.net',38102711251,'2d004474f36ce4166dd1000a120f628133d81123','2011-06-24 22:33:11',NULL,NULL),(81,'brisa43@example.com',36371893962,'088de9dc007a4be65eaa2eed45520ac736b37940','1970-08-14 11:21:18',NULL,NULL),(82,'lilyan42@example.net',37839864946,'1b79874b53a1c438f4637de1f1ac93969aac4977','1987-08-08 04:29:07',NULL,NULL),(83,'iabbott@example.net',36198354303,'e565f64d434dd8c71fc4d1035d30f717601a2a62','1998-02-11 00:31:40',NULL,NULL),(84,'jlittle@example.org',35213386680,'7473833a0a2fd16f8d9cc1a39468d1a8e3682aac','1990-08-11 05:09:11',NULL,NULL),(85,'mkshlerin@example.net',38268550254,'4113db8100b510563d33ba22616ae2328637c940','1976-02-04 15:53:26',NULL,NULL),(86,'rprosacco@example.net',38452637311,'ab0725801160a6ba5231be7c614b4aed2b657ef4','2019-11-24 13:24:45',NULL,NULL),(87,'o\'connell.tyreek@example.net',35948256546,'7f083a91a0b00514c4f286761924b921a0871ba3','2018-08-16 16:57:09',NULL,NULL),(88,'kylie40@example.com',38711704690,'758b3a0b78944b981fda3cf9b7acb122be4a7365','2020-12-24 16:00:05',NULL,NULL),(89,'anjali68@example.com',35352250868,'f0b6c8fb9539f35a425e33bd5228f8b7742794e0','1987-11-23 17:19:06',NULL,NULL),(90,'marian.hand@example.org',38945558430,'8dfa0e43de395f2137c2d4a9944817c0d6049045','2005-05-26 09:12:21',NULL,NULL),(91,'alda.pacocha@example.org',36195061057,'24f8714e7d8ec08968782a99b4d021f9313afd3a','1993-03-26 05:38:37',NULL,NULL),(92,'conner.walsh@example.org',36432590479,'0260b9c321f402f7144f0b444115d4a0414cf102','2003-06-13 16:50:56',NULL,NULL),(93,'pearl.leuschke@example.net',37907391306,'fa55102932ed60cc9609ed5258cff086e09d0515','1974-05-05 03:45:05',NULL,NULL),(94,'trystan.williamson@example.org',35200351797,'f5bb3a1e8f252ce72fa2e327c31ef15789fd9cc9','2018-01-28 05:34:36',NULL,NULL),(95,'von.elmore@example.com',36064392944,'fcfc0fe4f7ceecd72956f779be0e85358ce00d0d','1984-01-26 03:50:48',NULL,NULL),(96,'bergstrom.imelda@example.org',38850901838,'0f524d9d53a361f69ab097e3216f6912829bc27b','1993-04-04 09:59:31',NULL,NULL),(97,'andreane.emard@example.com',36760036880,'5163077685410b771cf87510cd37295c4dd91879','1994-04-07 02:22:31',NULL,NULL),(98,'fredy93@example.org',38440788891,'307215616724544560b19e0a1b58b285a3a5aedc','2017-07-29 13:11:50',NULL,NULL),(99,'viva.hayes@example.org',35781181564,'94b11b4725a63596e00ef1b8a52b8f9f8fac9eef','1979-07-24 15:49:27',NULL,NULL),(100,'lydia.muller@example.net',36760530881,'1441506524cb9754f56497d73ec266d6be2ea2b3','1980-08-05 21:01:35',NULL,NULL),(101,'margarete73@example.net',38350550722,'a5b8d693fe20e4f0818e9387fd80d0168563378d','1998-05-29 08:31:08',NULL,NULL),(102,'gcummerata@example.com',38875894058,'5da49842ab4e27b13c5a6d41e9de0e6516f1eb71','1984-12-01 19:13:16',NULL,NULL),(103,'paige19@example.com',38646436056,'b801131ce49f689e9695fe0ae318210c12729896','1978-01-03 17:45:25',NULL,NULL),(104,'iliana61@example.org',37376084243,'c7c0140eb38c927f03500a9661fe61a1587d4229','1972-01-10 14:16:58',NULL,NULL),(105,'kari39@example.org',35076812183,'ee4fc9416845f02c30c3624238adbb8f7561c455','1982-09-28 00:55:12',NULL,NULL),(106,'jessika76@example.com',35904394268,'26c35b37a76bcc3f91ac547ae84cccdfd9af4ba0','1987-03-30 06:20:51',NULL,NULL),(107,'samson.kuphal@example.org',38115664819,'20b38cc833fb5ab43ca846ef21f6bcd137e03a86','2000-10-22 02:05:22',NULL,NULL),(108,'charlie.terry@example.com',38661379182,'443e193ce1ba06fe2d6347d99727a697114525cd','2003-08-02 18:08:34',NULL,NULL),(109,'xkozey@example.net',37153894750,'ad68ff24a50f58fb735a492f14c8a0343be975a2','2004-02-12 08:49:42',NULL,NULL),(110,'aletha.shanahan@example.com',38945328122,'a2918a24ee941d55c50a8ca86b85651425b19a0a','2006-08-17 23:46:07',NULL,NULL),(111,'mathias.keebler@example.org',35099505348,'17019dace0346eea718fd3459af4298d813fce83','2008-07-10 14:23:05',NULL,NULL),(112,'alex.gerlach@example.com',35934899365,'e214c2502038f50263322e4490740399eb421377','1984-07-17 19:20:53',NULL,NULL),(113,'shana90@example.com',35986159142,'e9a9439fe985a764d16dbf175d693f69a25873be','1996-06-20 11:48:12',NULL,NULL),(114,'erick.steuber@example.com',36109594669,'0012dc5e9da90b1b5af42597d52c304fee05d140','2000-10-12 20:31:41',NULL,NULL),(115,'ortiz.charlie@example.net',36933317115,'9e4435c5f5c27479212044bd45d78fbd79c29920','2018-08-17 04:25:40',NULL,NULL),(116,'enrique38@example.net',36802935421,'4caea923c77b5ad0415234ba2395f7aa2777d6e7','1982-10-26 23:08:45',NULL,NULL),(117,'walsh.mina@example.org',35885267136,'f86285b8767c69fb67b45f96386599f11eba2469','2001-11-08 11:02:19',NULL,NULL),(118,'hcorkery@example.net',38906910514,'22d6f6b7b56a0a2d6ca532a61e06b694b7724652','1984-11-24 05:49:28',NULL,NULL),(119,'mills.braulio@example.org',35631876677,'11a900487db056e8c3584c25661169cacf440647','1981-01-10 01:08:24',NULL,NULL),(120,'mccullough.golden@example.org',37844732163,'b1c9a3565cae38ad88195281a21c2f9ffd96fd46','1981-07-01 10:42:45',NULL,NULL),(121,'rollin25@example.com',37167817588,'0a452e819902d9f67460da96410b38730d899bfd','1970-03-09 20:04:47',NULL,NULL),(122,'greenholt.lucile@example.net',37786505643,'01c7a854a3b992135fe671f5255a9de642a9fc04','2007-03-17 03:52:17',NULL,NULL),(123,'noemi.barrows@example.net',36451844971,'8f37a00629c9aeaee0fd11be8b225a7caa2696af','1979-06-29 06:00:01',NULL,NULL),(124,'krista.ledner@example.org',37345343053,'f24c7c0ae532c801ad7282609942e28f969a28fd','2019-08-16 20:04:07',NULL,NULL),(125,'berry.mcglynn@example.com',37739589177,'d521d48d7f98ddcad7e8192871ee0033b039c8c4','1990-09-22 08:26:49',NULL,NULL),(126,'vschiller@example.com',38281677825,'7fda539ff0c9c6eb95456b071c1c91abc192702c','2004-11-22 16:23:29',NULL,NULL),(127,'sharvey@example.net',37419919971,'46b31410c721ad5000c8dedf8ee8d2ca0611e7c7','2013-09-05 20:39:57',NULL,NULL),(128,'joan.renner@example.com',37704035861,'6ca852205a7a2fdfcada06781859677f40fce81d','1979-05-14 07:12:42',NULL,NULL),(129,'allene.becker@example.org',35178396558,'0116add110e7f5d51f38f0d943e3ac1a7c872b37','2014-03-08 21:31:14',NULL,NULL),(130,'yrunte@example.net',38288973068,'557fbb8df64751df656800ff94c653add2437b3f','1993-09-16 03:18:07',NULL,NULL),(131,'bosco.allie@example.com',37706663077,'0db548d63a5bbcff5cecd1e12a298e0757595228','2011-04-20 00:54:31',NULL,NULL),(132,'bridget19@example.com',35843531155,'2ff2cac71d1ce3dcc598147d55622289fb0d5d5f','1992-02-16 07:56:03',NULL,NULL),(133,'lehner.lavonne@example.org',36281947964,'136316a0ace9d43a13a3c9604e3d798c8a9970e6','1991-12-29 08:11:28',NULL,NULL),(134,'oschmidt@example.com',36275987850,'69ccf16e5f892d9b892493451a50ef835d943ebf','1978-02-17 17:08:08',NULL,NULL),(135,'murray.esperanza@example.com',37336951844,'4c35016732dd262f99d6f6f4485ae5dec5d266dc','1992-04-12 06:00:46',NULL,NULL),(136,'obeer@example.net',35513902815,'bc978d4c9e7a7f83b1054b50c6a14b4e2ccf7805','1996-06-17 00:01:32',NULL,NULL),(137,'tobin.jacobi@example.com',38129950307,'11b8e9fe02ee4a8bb78c52a36e17126868345aeb','2020-02-17 20:25:26',NULL,NULL),(138,'gabriella.padberg@example.com',37697799090,'d08f882e82191e6076cd1c7ff9c9e37413cb6aae','2018-06-02 09:57:45',NULL,NULL),(139,'green.yesenia@example.com',38174127317,'32009f9e5b4796717f4838dd8d825c8afd0189a1','1979-07-05 23:51:38',NULL,NULL),(140,'georgianna.okuneva@example.net',35231132673,'3237ba161a333a08531f09886abfad8ebc114deb','1990-07-12 01:15:53',NULL,NULL),(141,'christa.murazik@example.net',37271280091,'b392bcf6f595fc1597755395038357b7340de29c','1973-10-07 12:59:26',NULL,NULL),(142,'dillon.hane@example.net',38386502576,'881ea40cb53bb5f7b59f725a677fa46933212bfa','2010-04-18 13:46:42',NULL,NULL),(143,'anabelle.vandervort@example.net',36195651853,'b48bf292d57a0670e752eb2f79e28ef4873575fd','2002-01-21 23:51:10',NULL,NULL),(144,'napoleon25@example.net',38654545271,'4ca72ef558ec2056f590342e853bd477f6d78c37','1981-08-29 10:56:20',NULL,NULL),(145,'glover.axel@example.com',38357355054,'dd629c227a36a04227c42eb64f05d90d46031e76','1977-05-01 15:57:11',NULL,NULL),(146,'vbernhard@example.com',38994447208,'7c02d9b53552277c0731213db7a680025fbab4d3','1996-01-16 15:13:19',NULL,NULL),(147,'qkozey@example.net',36869290109,'95c15e1ecf650c9fea1d86023585948c1998b6ca','2006-03-22 09:09:04',NULL,NULL),(148,'stark.stacey@example.com',37989399071,'2f479f695e42ba16c8961dc1f0c777ff6ebae391','1975-05-14 13:57:33',NULL,NULL),(149,'bjohnson@example.org',36117807006,'3103a71a20446e67bc1d82ce7f1274c137250b8f','1980-06-17 20:05:33',NULL,NULL),(150,'kari.gulgowski@example.net',38302818747,'8f3bafbb0d9884eb759675d63ddebf29de831512','1998-04-30 14:27:25',NULL,NULL),(151,'hane.valentin@example.net',38987702464,'a9364836b2cc96c61e1775c2053d1d2addb3688a','2002-09-20 06:03:02',NULL,NULL),(152,'wisozk.vivien@example.net',37034814151,'0f2a8128cdf3f1f29512a93e3ae4ebfa92208bf0','1987-03-02 08:27:02',NULL,NULL),(153,'erwin.moen@example.org',36154384877,'96ef71146d5d71a46f2d7ae83237d70d3a1d0872','1980-02-22 16:57:04',NULL,NULL),(154,'myrtle79@example.com',35034429829,'887a03cc09aa808d5740cc65e022ec5534483a87','2018-03-09 01:52:20',NULL,NULL),(155,'bwehner@example.org',38928565410,'44f61da462e4e519bf3f726afa61716284be2e9e','1977-10-18 02:19:01',NULL,NULL),(156,'bria.dicki@example.net',36761796038,'ce28cdba549b4b3bb605f593c4adc475667bd988','1977-09-11 22:33:55',NULL,NULL),(157,'rozella.russel@example.net',38750231593,'27d8fbbefa51f56642f07cfec37134bf7739b65a','1988-12-08 04:10:44',NULL,NULL),(158,'ricky.halvorson@example.com',38023128049,'8f69e083d7cc144b0b26b9377cba99fb1f137ad0','2016-05-19 17:28:19',NULL,NULL),(159,'sim.berge@example.net',37122633036,'4e003558b59b3ebd258235b946326c10a7d9a701','2018-08-17 07:53:08',NULL,NULL),(160,'aniyah89@example.net',38488480264,'150042ed5f11291955d3ec4b68a0b91b6ba29ca4','2018-04-28 10:15:17',NULL,NULL),(161,'ghintz@example.org',35542947379,'abae97a29191ba9ea536725c5049c831f81c6ad2','1990-11-20 12:08:18',NULL,NULL),(162,'maida.gottlieb@example.com',37282175650,'413194b5009e2c7f32b48b799ee9357d182628fe','2012-12-22 05:54:01',NULL,NULL),(163,'kwest@example.net',36222187034,'cd2843dfe80efbc78e02b46a2434c40064ab1579','1980-01-23 15:40:28',NULL,NULL),(164,'khagenes@example.org',36680344512,'8ed0d4c583f656d59dbc8de43285a2ce015f5aa5','2018-07-12 21:33:24',NULL,NULL),(165,'jett34@example.net',35264236399,'27e804cabd94bb05b1c000d6251eff0d7b675518','2017-03-04 21:04:15',NULL,NULL),(166,'blanda.ernie@example.com',36796415453,'31ce751664bf77825c703f9a7226f7e76640120b','1991-08-28 00:06:24',NULL,NULL),(167,'russell91@example.net',37143588960,'21bde8ee64497a5f9691d85e3766db28bc252f30','1975-02-25 06:20:17',NULL,NULL),(168,'clakin@example.com',38862662481,'4647bc047c5afcb7d1fc59bb20ed48c1ab81ec4c','1989-05-25 15:37:23',NULL,NULL),(169,'brakus.ardith@example.com',37998986132,'87e350b562d47baaa232fb54c73b22afabc52db9','2004-10-05 13:50:19',NULL,NULL),(170,'fred.feest@example.org',35464294390,'83d3ccafc8db4abde34bcd3d867d90fb734656c8','2015-03-04 12:26:22',NULL,NULL),(171,'rebeka.bednar@example.org',35470727866,'3792624062449ff55e87b7a131f0e847f281d5c7','1998-12-18 18:34:01',NULL,NULL),(172,'eichmann.pasquale@example.net',35581933986,'b1b9031c4abc914c159a71e68977291222ff3f5b','1982-08-18 00:07:05',NULL,NULL),(173,'dagmar.runte@example.com',37168705951,'1b9c404649b00189adcd93c04335f40f5b5af152','1983-08-30 22:11:32',NULL,NULL),(174,'anya80@example.net',36109423851,'90a9f7d3f5a780dba6bc3a94ad60018789491aa4','2004-03-25 08:43:24',NULL,NULL),(175,'darius.ziemann@example.net',37550677500,'ab2591bf205d7ee9030eaf08bb744951ae215219','1990-09-11 09:32:40',NULL,NULL),(176,'ieffertz@example.org',36804274236,'f21c42e1c7cd2eee1e4e0326fe1c4b0e13c72545','1999-06-11 01:08:56',NULL,NULL),(177,'zlakin@example.net',35723393741,'dea88bc1ec73b9a49417760ba62b43631486391c','1978-11-14 15:52:04',NULL,NULL),(178,'ljacobi@example.org',36298369590,'8d9eeddf80c0da695b987c7aed02589bdb5c4494','1997-04-18 03:58:22',NULL,NULL),(179,'sigurd87@example.org',36131821723,'7f40b5d1af2574cab56e8209a1163d50a6e84e4d','1982-07-20 05:30:29',NULL,NULL),(180,'aliza.strosin@example.com',36059864528,'bd8e15573d34fb0f092854e55cffe6674306a8b5','1989-01-11 09:33:44',NULL,NULL),(181,'virgie41@example.com',35070389082,'af4362388261a3489b632f0bd69a4491a0327172','1989-12-02 00:15:18',NULL,NULL),(182,'ceasar20@example.com',37777652399,'af3d2b628f4f46aebb5400db1b4147fd0ed54124','2017-11-03 16:00:15',NULL,NULL),(183,'mstreich@example.org',37502499133,'7f5292c37fa36ebef34f68c65d844d20ae38b209','1998-08-10 06:29:35',NULL,NULL),(184,'hstanton@example.net',36338614448,'f6db61263e534f1a581a76a463ff955b45ced10b','1990-04-17 04:05:47',NULL,NULL),(185,'johnson.carrie@example.com',35723361030,'8066da9616ab5857dde2658302ce748a8cf9839b','1982-08-13 12:03:56',NULL,NULL),(186,'lottie78@example.org',35773297548,'530ed48ebc4d37a18c8b38065d0f5903bd33e173','1978-05-14 12:29:33',NULL,NULL),(187,'ucartwright@example.org',36591824421,'c8ae0302b8a0e75b68b65d8060b710580f3a4b78','1974-11-28 21:17:16',NULL,NULL),(188,'greenfelder.archibald@example.com',37337747851,'5a0d83844dc644057fdb1a7508c0346f85f9086d','1976-11-27 11:12:07',NULL,NULL),(189,'elody.gibson@example.net',35612460236,'4aa86350ee5b458820554472fdd435890625c31d','2017-10-14 08:14:04',NULL,NULL),(190,'georgiana38@example.org',37295757785,'848847ae88b5574eb404e6554bf7efe3909b7917','2000-03-26 12:41:16',NULL,NULL),(191,'cecilia87@example.com',37185441659,'7b09ce5d7478d2d7d5fb8a7bb4651699f24b86cd','2011-03-23 13:43:31',NULL,NULL),(192,'leffler.lawrence@example.org',36009732807,'6b3f0f8a8bf5c15c9bc3849da0938642d85542ec','1985-12-06 06:48:22',NULL,NULL),(193,'damon70@example.com',35180269401,'2a279ceccda6befca52f890ed119aef77de6f225','1990-05-12 03:50:17',NULL,NULL),(194,'cruickshank.glennie@example.com',37442831179,'293b6f4e1f59d9dcb0f55a1c131100c9f121a05c','2001-04-06 21:41:20',NULL,NULL),(195,'hmurazik@example.net',36906917028,'bfe4eb8002415c7e73ff7f1914f3e7ab6603ee0d','2014-12-18 04:24:57',NULL,NULL),(196,'jhuel@example.org',37296310333,'a979d2a6ff4fc6c08af783ec7c9aec093444fae8','2000-04-16 08:42:53',NULL,NULL),(197,'mccullough.lamont@example.net',38736832743,'5932ef07063d09750903a676a75b5cfd0b0094b3','1977-05-02 01:29:42',NULL,NULL),(198,'kali.mayer@example.com',37842265022,'1e880ee3c88340c53036f27d62b07328fa277238','1977-12-13 18:23:42',NULL,NULL),(199,'quitzon.ladarius@example.com',37670026611,'7d8c3f123e1ceb6aa48ddc32a77666828f2160ab','1987-04-30 15:33:05',NULL,NULL),(200,'sunny.nienow@example.net',35702274095,'59269390a8c2fce88ee70549d1ba6979a2a0c633','2003-07-29 08:12:38',NULL,NULL);
/*!40000 ALTER TABLE `user` ENABLE KEYS */;
UNLOCK TABLES;

--
-- Table structure for table `user_community`
--

DROP TABLE IF EXISTS `user_community`;
/*!40101 SET @saved_cs_client     = @@character_set_client */;
/*!50503 SET character_set_client = utf8mb4 */;
CREATE TABLE `user_community` (
  `community_id` int unsigned NOT NULL,
  `user_id` int unsigned NOT NULL,
  PRIMARY KEY (`community_id`,`user_id`),
  KEY `fk_user_community_community1_idx` (`community_id`),
  KEY `fk_user_community_user1_idx` (`user_id`),
  CONSTRAINT `fk_user_community_community1` FOREIGN KEY (`community_id`) REFERENCES `community` (`id`),
  CONSTRAINT `fk_user_community_user1` FOREIGN KEY (`user_id`) REFERENCES `user` (`id`)
) ENGINE=InnoDB DEFAULT CHARSET=utf8mb4 COLLATE=utf8mb4_unicode_ci;
/*!40101 SET character_set_client = @saved_cs_client */;

--
-- Dumping data for table `user_community`
--

LOCK TABLES `user_community` WRITE;
/*!40000 ALTER TABLE `user_community` DISABLE KEYS */;
INSERT INTO `user_community` VALUES (1,39),(1,82),(1,102),(1,150),(1,173),(1,196),(2,9),(2,27),(2,48),(2,166),(3,14),(3,21),(3,46),(3,71),(3,103),(3,124),(3,139),(3,153),(3,169),(3,179),(4,15),(4,39),(4,56),(4,98),(4,107),(4,197),(5,28),(5,139),(5,152),(6,26),(6,82),(6,104),(6,148),(6,154),(6,157),(7,71),(7,84),(7,190),(8,52),(8,74),(8,99),(8,103),(8,126),(9,106),(9,141),(9,185),(10,27),(10,40),(10,182),(11,18),(11,19),(11,83),(11,127),(11,199),(12,54),(12,72),(12,80),(12,122),(12,192),(13,5),(13,8),(13,60),(13,66),(13,82),(13,95),(13,154),(14,45),(14,178),(14,186),(15,178),(15,197),(16,99),(16,197),(17,26),(17,45),(17,106),(17,124),(17,156),(17,158),(17,187),(18,4),(18,21),(18,30),(18,74),(18,83),(19,16),(19,66),(19,157),(19,174),(19,180),(19,190),(20,53),(20,66),(20,94),(20,138),(20,158),(20,177),(20,200);
/*!40000 ALTER TABLE `user_community` ENABLE KEYS */;
UNLOCK TABLES;
/*!40103 SET TIME_ZONE=@OLD_TIME_ZONE */;

/*!40101 SET SQL_MODE=@OLD_SQL_MODE */;
/*!40014 SET FOREIGN_KEY_CHECKS=@OLD_FOREIGN_KEY_CHECKS */;
/*!40014 SET UNIQUE_CHECKS=@OLD_UNIQUE_CHECKS */;
/*!40101 SET CHARACTER_SET_CLIENT=@OLD_CHARACTER_SET_CLIENT */;
/*!40101 SET CHARACTER_SET_RESULTS=@OLD_CHARACTER_SET_RESULTS */;
/*!40101 SET COLLATION_CONNECTION=@OLD_COLLATION_CONNECTION */;
/*!40111 SET SQL_NOTES=@OLD_SQL_NOTES */;

-- Dump completed on 2021-04-01 19:34:48
